PartNumber,MFR
106625,ACE
2028557,ACE
2028559,ACE
2522967,ACE
2523221,ACE
2523228,ACE
2523254,ACE
2523309,ACE
2523342,ACE
3400120,ACE
5000347,ACE
5000573,ACE
5000575,ACE
5000632,ACE
5000634,ACE
5000640,ACE
5000643,ACE
5000647,ACE
5000654,ACE
5000666,ACE
5000899,ACE
5000985,ACE
5001000,ACE
5001001,ACE
5001240,ACE
5001241,ACE
5006115,ACE
6617585,ACE
2522789R,ACE
2523165R,ACE
2523277R,ACE
2527827R,ACE
2528037R,ACE
2528038R,ACE
5001231R,ACE
5001232R,ACE
5001234R,ACE
5001271R,ACE
5006094R,ACE
5006108R,ACE
5006162R,ACE
5006180R,ACE
5006181R,ACE
5006198R,ACE
5006201R,ACE
5006232R,ACE
5006238R,ACE
5006241R,ACE
75.9539C.579,ACE
75.9539C.G00,ACE
759539C579,ACE
77.10639.53G,ACE
77.10639.565,ACE
77.10739.53G,ACE
77.G0739.43G,ACE
HYS64D128320GU-5-B,ACE
KC.FX002.610,ACE
KN.0600A.001,ACE
KN.0600N.002,ACE
KN.16G04.005,ACE
KN.16G04.007,ACE
KN.16G04.011,ACE
KN.16G04.013,ACE
KN.16G04.015,ACE
KN.16G07.018,ACE
KN.16G07.019,ACE
KN.16G07.025,ACE
KN.16G07.027,ACE
KN.16G07.028,ACE
KN.16G07.033,ACE
KN.16G0B.015,ACE
KN.16G0B.016,ACE
KN.16G0B.034,ACE
KN.16G0B.035,ACE
KN.16G0G.021,ACE
KN.16G0G.022,ACE
KN.16G0G.026,ACE
KN.16G0G.027,ACE
KN.16G0G.031,ACE
KN.16G0G.035,ACE
KN.16G0G.036,ACE
KN.1GB00.003,ACE
KN.1GB01.007,ACE
KN.1GB01.009,ACE
KN.1GB01.018,ACE
KN.1GB01.023,ACE
KN.1GB01.031,ACE
KN.1GB02.009,ACE
KN.1GB02.015,ACE
KN.1GB02.016,ACE
KN.1GB02.023,ACE
KN.1GB02.024,ACE
KN.1GB02.029,ACE
KN.1GB02.030,ACE
KN.1GB02.031,ACE
KN.1GB02.036,ACE
KN.1GB02.037,ACE
KN.1GB03.006,ACE
KN.1GB03.007,ACE
KN.1GB03.009,ACE
KN.1GB03.010,ACE
KN.1GB03.014,ACE
KN.1GB03.017,ACE
KN.1GB03.020,ACE
KN.1GB03.024,ACE
KN.1GB03.025,ACE
KN.1GB03.026,ACE
KN.1GB03.031,ACE
KN.1GB03.032,ACE
KN.1GB03.034,ACE
KN.1GB03.035,ACE
KN.1GB04.001,ACE
KN.1GB04.002,ACE
KN.1GB04.003,ACE
KN.1GB04.010,ACE
KN.1GB04.011,ACE
KN.1GB04.013,ACE
KN.1GB04.015,ACE
KN.1GB04.SV1,ACE
KN.1GB07.001,ACE
KN.1GB07.002,ACE
KN.1GB07.003,ACE
KN.1GB07.004,ACE
KN.1GB09.004,ACE
KN.1GB09.005,ACE
KN.1GB09.008,ACE
KN.1GB09.009,ACE
KN.1GB09.010,ACE
KN.1GB09.011,ACE
KN.1GB09.012,ACE
KN.1GB09.013,ACE
KN.1GB09.015,ACE
KN.1GB0B.002,ACE
KN.1GB0B.004,ACE
KN.1GB0B.005,ACE
KN.1GB0B.009,ACE
KN.1GB0B.011,ACE
KN.1GB0B.013,ACE
KN.1GB0B.014,ACE
KN.1GB0B.015,ACE
KN.1GB0B.016,ACE
KN.1GB0B.017,ACE
KN.1GB0B.019,ACE
KN.1GB0B.021,ACE
KN.1GB0B.022,ACE
KN.1GB0B.023,ACE
KN.1GB0B.027,ACE
KN.1GB0B.028,ACE
KN.1GB0B.030,ACE
KN.1GB0B.033,ACE
KN.1GB0B.034,ACE
KN.1GB0B.035,ACE
KN.1GB0B.036,ACE
KN.1GB0B.SV1,ACE
KN.1GB0B.SV2,ACE
KN.1GB0C.005,ACE
KN.1GB0C.008,ACE
KN.1GB0C.009,ACE
KN.1GB0F.002,ACE
KN.1GB0F.005,ACE
KN.1GB0F.006,ACE
KN.1GB0F.007,ACE
KN.1GB0G.003,ACE
KN.1GB0G.005,ACE
KN.1GB0G.006,ACE
KN.1GB0G.007,ACE
KN.1GB0G.008,ACE
KN.1GB0G.012,ACE
KN.1GB0G.013,ACE
KN.1GB0G.015,ACE
KN.1GB0G.016,ACE
KN.1GB0G.019,ACE
KN.1GB0G.022,ACE
KN.1GB0G.023,ACE
KN.1GB0G.024,ACE
KN.1GB0G.025,ACE
KN.1GB0G.026,ACE
KN.1GB0H.005,ACE
KN.1GB0H.006,ACE
KN.1GB0H.008,ACE
KN.1GB0H.009,ACE
KN.1GB0H.010,ACE
KN.1GB0H.012,ACE
KN.1GB0H.014,ACE
KN.1GB0H.015,ACE
KN.1GB0H.017,ACE
KN.1GB0M.003,ACE
KN.1GB0R.001,ACE
KN.25602.001,ACE
KN.25602.009,ACE
KN.25602.012,ACE
KN.25602.022,ACE
KN.25602.023,ACE
KN.25603.009,ACE
KN.25603.019,ACE
KN.25603.020,ACE
KN.25603.024,ACE
KN.25603.029,ACE
KN.25604.004,ACE
KN.25604.009,ACE
KN.25604.016,ACE
KN.25604.022,ACE
KN.25604.023,ACE
KN.25604.027,ACE
KN.25609.001,ACE
KN.25609.002,ACE
KN.25609.003,ACE
KN.2560B.008,ACE
KN.2560B.011,ACE
KN.2560B.016,ACE
KN.2560B.017,ACE
KN.2560G.001,ACE
KN.2560G.006,ACE
KN.2560G.007,ACE
KN.2560G.012,ACE
KN.2560G.014,ACE
KN.2GB00.001,ACE
KN.2GB01.013,ACE
KN.2GB01.025,ACE
KN.2GB01.027,ACE
KN.2GB01.028,ACE
KN.2GB01.029,ACE
KN.2GB02.010,ACE
KN.2GB03.009,ACE
KN.2GB03.010,ACE
KN.2GB03.011,ACE
KN.2GB03.012,ACE
KN.2GB03.017,ACE
KN.2GB03.018,ACE
KN.2GB03.021,ACE
KN.2GB03.022,ACE
KN.2GB03.025,ACE
KN.2GB03.026,ACE
KN.2GB04.001,ACE
KN.2GB04.003,ACE
KN.2GB04.004,ACE
KN.2GB04.008,ACE
KN.2GB04.009,ACE
KN.2GB04.010,ACE
KN.2GB04.011,ACE
KN.2GB04.015,ACE
KN.2GB04.017,ACE
KN.2GB04.019,ACE
KN.2GB04.021,ACE
KN.2GB04.024,ACE
KN.2GB04.SV1,ACE
KN.2GB07.001,ACE
KN.2GB07.002,ACE
KN.2GB07.003,ACE
KN.2GB07.004,ACE
KN.2GB07.006,ACE
KN.2GB07.007,ACE
KN.2GB07.008,ACE
KN.2GB07.009,ACE
KN.2GB07.011,ACE
KN.2GB07.012,ACE
KN.2GB07.013,ACE
KN.2GB07.014,ACE
KN.2GB07.015,ACE
KN.2GB07.017,ACE
KN.2GB09.001,ACE
KN.2GB09.002,ACE
KN.2GB09.003,ACE
KN.2GB09.004,ACE
KN.2GB09.006,ACE
KN.2GB09.007,ACE
KN.2GB09.009,ACE
KN.2GB09.010,ACE
KN.2GB09.012,ACE
KN.2GB09.013,ACE
KN.2GB0B.002,ACE
KN.2GB0B.003,ACE
KN.2GB0B.005,ACE
KN.2GB0B.006,ACE
KN.2GB0B.007,ACE
KN.2GB0B.008,ACE
KN.2GB0B.011,ACE
KN.2GB0B.012,ACE
KN.2GB0B.018,ACE
KN.2GB0B.022,ACE
KN.2GB0B.023,ACE
KN.2GB0B.026,ACE
KN.2GB0B.029,ACE
KN.2GB0B.030,ACE
KN.2GB0B.SV2,ACE
KN.2GB0B.SV3,ACE
KN.2GB0C.001,ACE
KN.2GB0C.002,ACE
KN.2GB0C.003,ACE
KN.2GB0C.005,ACE
KN.2GB0C.006,ACE
KN.2GB0C.007,ACE
KN.2GB0C.008,ACE
KN.2GB0C.009,ACE
KN.2GB0C.010,ACE
KN.2GB0C.011,ACE
KN.2GB0C.012,ACE
KN.2GB0F.001,ACE
KN.2GB0F.004,ACE
KN.2GB0F.005,ACE
KN.2GB0F.006,ACE
KN.2GB0G.004,ACE
KN.2GB0G.005,ACE
KN.2GB0G.008,ACE
KN.2GB0G.009,ACE
KN.2GB0G.012,ACE
KN.2GB0G.013,ACE
KN.2GB0G.014,ACE
KN.2GB0G.016,ACE
KN.2GB0G.018,ACE
KN.2GB0G.031,ACE
KN.2GB0G.037,ACE
KN.2GB0G.039,ACE
KN.2GB0G.042,ACE
KN.2GB0G.045,ACE
KN.2GB0G.047,ACE
KN.2GB0G.049,ACE
KN.2GB0G.055,ACE
KN.2GB0G.SV3,ACE
KN.2GB0G.SV5,ACE
KN.2GB0G.SV6,ACE
KN.2GB0H.001,ACE
KN.2GB0H.002,ACE
KN.2GB0H.003,ACE
KN.2GB0H.004,ACE
KN.2GB0H.006,ACE
KN.2GB0H.007,ACE
KN.2GB0H.008,ACE
KN.2GB0H.010,ACE
KN.2GB0H.011,ACE
KN.2GB0H.012,ACE
KN.2GB0H.013,ACE
KN.2GB0H.014,ACE
KN.2GB0H.015,ACE
KN.2GB0R.002,ACE
KN.2GBB3.025,ACE
KN.2GBB9.007,ACE
KN.2GBBB.023,ACE
KN.2GBBS.004,ACE
KN.2GBBU.002,ACE
KN.4GB00.001,ACE
KN.4GB00.019,ACE
KN.4GB01.008,ACE
KN.4GB03.005,ACE
KN.4GB03.006,ACE
KN.4GB03.009,ACE
KN.4GB03.010,ACE
KN.4GB03.013,ACE
KN.4GB03.014,ACE
KN.4GB04.001,ACE
KN.4GB04.002,ACE
KN.4GB04.005,ACE
KN.4GB04.006,ACE
KN.4GB04.009,ACE
KN.4GB04.010,ACE
KN.4GB04.016,ACE
KN.4GB04.017,ACE
KN.4GB04.019,ACE
KN.4GB04.021,ACE
KN.4GB04.022,ACE
KN.4GB04.023,ACE
KN.4GB04.SV1,ACE
KN.4GB04.SV2,ACE
KN.4GB04.SV3,ACE
KN.4GB04.SV4,ACE
KN.4GB07.001,ACE
KN.4GB07.002,ACE
KN.4GB07.003,ACE
KN.4GB07.004,ACE
KN.4GB07.006,ACE
KN.4GB07.007,ACE
KN.4GB07.008,ACE
KN.4GB07.009,ACE
KN.4GB07.014,ACE
KN.4GB07.015,ACE
KN.4GB07.016,ACE
KN.4GB07.021,ACE
KN.4GB07.022,ACE
KN.4GB07.023,ACE
KN.4GB07.024,ACE
KN.4GB07.027,ACE
KN.4GB07.028,ACE
KN.4GB07.029,ACE
KN.4GB07.030,ACE
KN.4GB07.032,ACE
KN.4GB07.033,ACE
KN.4GB07.034,ACE
KN.4GB07.036,ACE
KN.4GB07.037,ACE
KN.4GB07.042,ACE
KN.4GB07.043,ACE
KN.4GB07.044,ACE
KN.4GB07.045,ACE
KN.4GB07.046,ACE
KN.4GB09.001,ACE
KN.4GB09.002,ACE
KN.4GB09.005,ACE
KN.4GB09.008,ACE
KN.4GB0B.006,ACE
KN.4GB0B.007,ACE
KN.4GB0B.010,ACE
KN.4GB0B.011,ACE
KN.4GB0B.014,ACE
KN.4GB0B.015,ACE
KN.4GB0B.025,ACE
KN.4GB0B.028,ACE
KN.4GB0B.029,ACE
KN.4GB0B.034,ACE
KN.4GB0B.036,ACE
KN.4GB0B.038,ACE
KN.4GB0B.041,ACE
KN.4GB0B.046,ACE
KN.4GB0B.049,ACE
KN.4GB0B.052,ACE
KN.4GB0B.054,ACE
KN.4GB0B.SV1,ACE
KN.4GB0B.SV2,ACE
KN.4GB0B.SV3,ACE
KN.4GB0B.SV4,ACE
KN.4GB0B.SV5,ACE
KN.4GB0B.SV6,ACE
KN.4GB0B.SV7,ACE
KN.4GB0C.001,ACE
KN.4GB0C.002,ACE
KN.4GB0C.003,ACE
KN.4GB0C.004,ACE
KN.4GB0C.005,ACE
KN.4GB0C.006,ACE
KN.4GB0C.007,ACE
KN.4GB0C.008,ACE
KN.4GB0C.009,ACE
KN.4GB0C.010,ACE
KN.4GB0C.011,ACE
KN.4GB0C.012,ACE
KN.4GB0C.013,ACE
KN.4GB0C.015,ACE
KN.4GB0C.016,ACE
KN.4GB0C.020,ACE
KN.4GB0C.022,ACE
KN.4GB0C.023,ACE
KN.4GB0C.026,ACE
KN.4GB0C.027,ACE
KN.4GB0C.028,ACE
KN.4GB0F.SV2,ACE
KN.4GB0G.003,ACE
KN.4GB0G.004,ACE
KN.4GB0G.012,ACE
KN.4GB0G.019,ACE
KN.4GB0G.022,ACE
KN.4GB0G.024,ACE
KN.4GB0G.026,ACE
KN.4GB0G.029,ACE
KN.4GB0G.030,ACE
KN.4GB0G.036,ACE
KN.4GB0G.037,ACE
KN.4GB0G.040,ACE
KN.4GB0G.046,ACE
KN.4GB0G.047,ACE
KN.4GB0G.049,ACE
KN.4GB0G.050,ACE
KN.4GB0G.052,ACE
KN.4GB0G.054,ACE
KN.4GB0G.SV2,ACE
KN.4GB0G.SV3,ACE
KN.4GB0G.SV4,ACE
KN.4GB0G.SV6,ACE
KN.4GB0G.SV7,ACE
KN.4GB0H.001,ACE
KN.4GB0H.002,ACE
KN.4GB0H.003,ACE
KN.4GB0H.004,ACE
KN.4GBB3.009,ACE
KN.4GBBS.001,ACE
KN.4GBBU.002,ACE
KN.4GBBU.003,ACE
KN.51202.012,ACE
KN.51202.021,ACE
KN.51202.023,ACE
KN.51202.025,ACE
KN.51202.028,ACE
KN.51202.030,ACE
KN.51202.036,ACE
KN.51203.013,ACE
KN.51203.017,ACE
KN.51203.018,ACE
KN.51203.019,ACE
KN.51203.021,ACE
KN.51203.022,ACE
KN.51203.023,ACE
KN.51203.025,ACE
KN.51203.026,ACE
KN.51203.027,ACE
KN.51203.029,ACE
KN.51203.032,ACE
KN.51203.034,ACE
KN.51204.014,ACE
KN.51204.015,ACE
KN.51204.019,ACE
KN.51204.020,ACE
KN.51209.004,ACE
KN.51209.005,ACE
KN.5120B.006,ACE
KN.5120B.008,ACE
KN.5120B.013,ACE
KN.5120B.015,ACE
KN.5120B.018,ACE
KN.5120B.023,ACE
KN.5120B.026,ACE
KN.5120C.001,ACE
KN.5120E.002,ACE
KN.5120E.004,ACE
KN.5120F.003,ACE
KN.5120F.005,ACE
KN.5120G.002,ACE
KN.5120G.005,ACE
KN.5120G.006,ACE
KN.5120G.007,ACE
KN.5120G.010,ACE
KN.5120G.012,ACE
KN.5120G.013,ACE
KN.5120G.014,ACE
KN.5120G.016,ACE
KN.5120G.018,ACE
KN.5120G.019,ACE
KN.5120G.020,ACE
KN.5120G.021,ACE
KN.5120G.023,ACE
KN.5120G.024,ACE
KN.5120H.007,ACE
KN.5120H.008,ACE
KN.5120M.001,ACE
KN.5120M.004,ACE
KN.5120M.005,ACE
KN.8GB01.001,ACE
KN.8GB04.012,ACE
KN.8GB04.017,ACE
KN.8GB04.020,ACE
KN.8GB04.027,ACE
KN.8GB04.028,ACE
KN.8GB04.029,ACE
KN.8GB04.044,ACE
KN.8GB04.045,ACE
KN.8GB04.048,ACE
KN.8GB04.049,ACE
KN.8GB04.050,ACE
KN.8GB04.SV1,ACE
KN.8GB07.004,ACE
KN.8GB07.005,ACE
KN.8GB07.012,ACE
KN.8GB07.013,ACE
KN.8GB07.020,ACE
KN.8GB07.021,ACE
KN.8GB07.022,ACE
KN.8GB07.023,ACE
KN.8GB07.028,ACE
KN.8GB07.029,ACE
KN.8GB07.030,ACE
KN.8GB07.034,ACE
KN.8GB07.035,ACE
KN.8GB07.038,ACE
KN.8GB07.039,ACE
KN.8GB07.041,ACE
KN.8GB07.042,ACE
KN.8GB07.043,ACE
KN.8GB07.048,ACE
KN.8GB07.050,ACE
KN.8GB07.051,ACE
KN.8GB07.056,ACE
KN.8GB07.057,ACE
KN.8GB07.060,ACE
KN.8GB07.062,ACE
KN.8GB0B.008,ACE
KN.8GB0B.009,ACE
KN.8GB0B.019,ACE
KN.8GB0B.024,ACE
KN.8GB0B.030,ACE
KN.8GB0B.032,ACE
KN.8GB0B.033,ACE
KN.8GB0B.037,ACE
KN.8GB0B.045,ACE
KN.8GB0B.060,ACE
KN.8GB0B.061,ACE
KN.8GB0B.065,ACE
KN.8GB0B.067,ACE
KN.8GB0B.071,ACE
KN.8GB0C.005,ACE
KN.8GB0C.006,ACE
KN.8GB0C.007,ACE
KN.8GB0C.008,ACE
KN.8GB0C.010,ACE
KN.8GB0C.011,ACE
KN.8GB0C.015,ACE
KN.8GB0C.017,ACE
KN.8GB0C.018,ACE
KN.8GB0G.008,ACE
KN.8GB0G.013,ACE
KN.8GB0G.015,ACE
KN.8GB0G.022,ACE
KN.8GB0G.024,ACE
KN.8GB0G.037,ACE
KN.8GB0G.038,ACE
KN.8GB0G.043,ACE
KN.8GB0G.044,ACE
KN.8GB0G.046,ACE
KN.8GB0G.047,ACE
KN.8GB0G.053,ACE
KN.8GB0G.058,ACE
KN.8GB0G.061,ACE
KN.8GB0G.068,ACE
KN.8GB0G.069,ACE
KN.8GB0G.071,ACE
KN.8GB0G.073,ACE
KN.8GB0G.SV1,ACE
KN.8GBBX.003,ACE
KN.CRMME.2GB,ACE
KN1GB02023,ACE
KN1GB02037,ACE
KN1GB03026,ACE
KN1GB04010,ACE
KN1GB09010,ACE
KN1GB09013,ACE
KN1GB0B015,ACE
KN1GB0G007,ACE
KN1GB0H005,ACE
KN1GB0M003,ACE
KN25602001,ACE
KN25602009,ACE
KN25602012,ACE
KN25602022,ACE
KN25603009,ACE
KN25603019,ACE
KN25603024,ACE
KN25604004,ACE
KN25604009,ACE
KN25604027,ACE
KN25609001,ACE
KN25609002,ACE
KN2560B008,ACE
KN2560G001,ACE
KN2560G007,ACE
KN2GB02010,ACE
KN2GB04003,ACE
KN2GB04004,ACE
KN2GB09002,ACE
KN2GB0G008,ACE
KN51202012,ACE
KN51202023,ACE
KN51202025,ACE
KN51202028,ACE
KN51203013,ACE
KN51203017,ACE
KN51203018,ACE
KN51203022,ACE
KN51203026,ACE
KN51203034,ACE
KN51204014,ACE
KN51204020,ACE
KN5120B006,ACE
KN5120B008,ACE
KN5120E004,ACE
KN5120G007,ACE
KN5120G021,ACE
KN5120H007,ACE
KN5120M004,ACE
ME.AD372.016,ACE
ME.AD380.001,ACE
ME.AD381.011,ACE
ME.AD381.012,ACE
MEMORY,ACE
MTA8ATF1G64AZ-2G3B1,ACE
QND1SMEPZZ00D8,ACE
QND1SMEPZZ00E6,ACE
QND1SMEQZZ00A7,ACE
QND1SMEQZZ00B5,ACE
QND1SMERZZ0011,ACE
QND1SMERZZTAK5,ACE
ZM.ME1AA.039,ACE
03006-00011400,ASU
03006-00011600,ASU
03006-00050800,ASU
03006-00053600,ASU
03006-00080700,ASU
03007-00021300,ASU
03008-00030700,ASU
03008-00030800,ASU
03008-00050000,ASU
03008-00050200,ASU
03008-00050400,ASU
03009-00022200,ASU
03009-00030600,ASU
03009-00030900,ASU
03009-00060200,ASU
03009-00160300,ASU
03012-00010000,ASU
03012-00020200,ASU
03012-00020500,ASU
03012-00030000,ASU
03012-00030100,ASU
03014-00010100,ASU
03A02-00010100,ASU
03A02-000105DP,ASU
03A02-000106DP,ASU
03A02-000112DP,ASU
03A02-00011600,ASU
03A02-00011700,ASU
03A02-00011800,ASU
03A02-00011900,ASU
03A02-00012100,ASU
03A02-00012200,ASU
03A02-00012300,ASU
03A02-00012400,ASU
03A02-00012700,ASU
03A02-00012800,ASU
03A02-00012900,ASU
03A02-00013100,ASU
03A02-00020000,ASU
03A02-00020100,ASU
03A02-000201PM,ASU
03A02-00020200,ASU
03A02-00020400,ASU
03A02-00020500,ASU
03A02-00020800,ASU
03A02-00021200,ASU
03A02-00021500,ASU
03A02-00022200,ASU
03A02-00022400,ASU
03A02-00022900,ASU
03A02-00023000,ASU
03A02-00023700,ASU
03A02-00023900,ASU
03A02-00024000,ASU
03A02-00024300,ASU
03A02-00024400,ASU
03A02-00024500,ASU
03A02-00024600,ASU
03A02-00025100,ASU
03A02-00026200,ASU
03A02-00026400,ASU
03A02-00030000,ASU
03A02-00030100,ASU
03A02-00030200,ASU
03A02-00030400,ASU
03A02-00031100,ASU
03A02-00031500,ASU
03A02-00031900,ASU
03A02-00033900,ASU
03A02-00034000,ASU
03A02-00040000,ASU
03A02-000404DP,ASU
03A02-000405DP,ASU
03A02-000408DP,ASU
03A02-00041000,ASU
03A02-00041100,ASU
03A02-00041400,ASU
03A02-00050700,ASU
03A02-000508DP,ASU
03A02-00051000,ASU
03A02-00051100,ASU
03A02-00051200,ASU
03A02-00051300,ASU
03A02-00051400,ASU
03A02-00051600,ASU
03A02-00051700,ASU
03A02-00051800,ASU
03A02-00051900,ASU
03A02-00060000,ASU
03A02-00060600,ASU
03A02-00061100,ASU
03A02-00061400,ASU
03A02-00061500,ASU
03A02-00061600,ASU
03A02-00061800,ASU
03A02-00061900,ASU
03A02-00070300,ASU
03A03-00090000,ASU
03A05-00040000,ASU
03A07-00080000,ASU
03A08-00010600,ASU
03A08-00010700,ASU
03A08-00010800,ASU
03A08-00011000,ASU
03A08-00011100,ASU
03A08-00011400,ASU
03A08-00011500,ASU
03A08-00011700,ASU
03A08-00020600,ASU
03A08-00020700,ASU
03A08-00020800,ASU
03A08-00021000,ASU
03A08-00021100,ASU
03A08-00021300,ASU
03A08-00021400,ASU
03A08-00021700,ASU
03A08-00021900,ASU
03A08-00022000,ASU
03A08-00022700,ASU
03A08-00040000,ASU
03A08-00040200,ASU
03A08-00040300,ASU
03A08-00040400,ASU
03A08-00040500,ASU
03A08-00040800,ASU
03A08-00041100,ASU
03A08-00041400,ASU
03A08-00041500,ASU
03A08-00041700,ASU
03A08-00041800,ASU
03A08-00042300,ASU
03A08-00042400,ASU
03A08-00050000,ASU
03A08-00050200,ASU
03A08-00050300,ASU
03A08-00050400,ASU
03A08-00050500,ASU
03A08-00050600,ASU
03A08-00050800,ASU
03A08-00051200,ASU
03A08-00051300,ASU
03A08-00051400,ASU
03A08-00051700,ASU
03A08-00051800,ASU
03A08-00052300,ASU
03A08-00052400,ASU
03A08-00052700,ASU
03A08-00053100,ASU
03A08-00053300,ASU
03A08-00054300,ASU
03A08-00060000,ASU
03A08-00060100,ASU
03A08-00060200,ASU
03A08-00060400,ASU
03A08-00060500,ASU
03A08-00060800,ASU
03A08-00060900,ASU
03A08-00061000,ASU
03A08-00061400,ASU
03A08-00061500,ASU
03A08-00061800,ASU
03A08-00061900,ASU
03A08-00062100,ASU
03A08-00062200,ASU
03A08-00063100,ASU
03A08-00070100,ASU
03A08-00070300,ASU
03A08-00070600,ASU
03A08-00071100,ASU
03A08-00071200,ASU
03A08-00080000,ASU
03A08-00090000,ASU
03A08-00090100,ASU
03A08-00090200,ASU
03A08-00090500,ASU
03A08-00110000,ASU
03A08-00140000,ASU
03B01-00022300,ASU
03B01-00053100,ASU
03B01-00130200,ASU
03B03-00021000,ASU
03B03-00220400,ASU
04-00161661A,ASU
04G00161661B,ASU
04G00161661E,ASU
04G001616656,ASU
04G001616657,ASU
04G00161665A,ASU
04G001616677,ASU
04G00161667A,ASU
04G00161667B,ASU
04G0016166M1,ASU
04G001617609,ASU
04G00161760B,ASU
04G00161760F,ASU
04G001617615,ASU
04G001617618,ASU
04G001617619,ASU
04G00161761B,ASU
04G00161761G,ASU
04G001617634,ASU
04G001617635,ASU
04G00161763A,ASU
04G00161763D,ASU
04G001617644,ASU
04G001617649,ASU
04G001617652,ASU
04G001617655,ASU
04G001617658,ASU
04G001617659,ASU
04G00161765A,ASU
04G00161765B,ASU
04G00161765C,ASU
04G00161765D,ASU
04G001617661,ASU
04G001617666,ASU
04G001617667,ASU
04G001617676,ASU
04G001617678,ASU
04G00161767C,ASU
04G00161767H,ASU
04G00161767J,ASU
04G00161767L,ASU
04G0016176F3,ASU
04G0016176F3904,ASU
04G0016176F5,ASU
04G0016176F6,ASU
04G0016176F7,ASU
04G0016176F8,ASU
04G0016176G4,ASU
04G0016176J1,ASU
04G0016176K1,ASU
04G00161797BDP,ASU
04G0016179L5TW,ASU
04G001617A12,ASU
04G001617A14,ASU
04G001617A14PM,ASU
04G001617A16,ASU
04G001617A16PM,ASU
04G001617A33,ASU
04G001617A50,ASU
04G001617A60,ASU
04G001617A70,ASU
04G001617A80,ASU
04G001617A80PM,ASU
04G001617A81,ASU
04G001617A81PM,ASU
04G001617A90,ASU
04G001618605,ASU
04G001618606,ASU
04G001618612,ASU
04G001618614,ASU
04G001618644,ASU
04G001618650,ASU
04G001618652,ASU
04G001618652DP,ASU
04G001618652TW,ASU
04G001618653,ASU
04G001618654,ASU
04G001618655,ASU
04G001618665,ASU
04G0016186A6,ASU
04G0016186A8,ASU
04G0016186C0,ASU
04G0016186D0DP,ASU
04G0016186F1,ASU
04G0016186F2,ASU
04G0016186H0,ASU
04G0016186J0,ASU
04G0016186J5,ASU
04G0016186J6,ASU
04G001618900DP,ASU
04G00161890D,ASU
04G00161891NDP,ASU
04G001618947,ASU
04G00161894NTW,ASU
04G00161894PTW,ASU
04G00161894SDP,ASU
04G001618963DP,ASU
04G001618964DP,ASU
04G001618966DP,ASU
04G001618990,ASU
04G0016189A0H2,ASU
04G0016189A1,ASU
04G0016189A3H2,ASU
04G0016189A4,ASU
04G0016189C0DP,ASU
04G0016189C4DP,ASU
04G0016189C5DP,ASU
04G0016189D0DP,ASU
04G0016189E0DP,ASU
04G001618A02,ASU
04G001618A03,ASU
04G001618A13,ASU
04G001618A15,ASU
04G001618A15PM,ASU
04G001618A18,ASU
04G001618A19,ASU
04G001618A19PM,ASU
04G001618A23,ASU
04G001618A25,ASU
04G001618A25PM,ASU
04G001618A27,ASU
04G001618A27PM,ASU
04G001618A28,ASU
04G001618A30,ASU
04G001618A40,ASU
04G001618A50,ASU
04G001618A52,ASU
04G001618A60,ASU
04G001618A63,ASU
04G001618A70,ASU
04G001618A72,ASU
04G001618A73,ASU
04G001618A80,ASU
04G001618A90,ASU
04G001618A92,ASU
04G001618A95,ASU
04G001619601,ASU
04G001619903,ASU
04G001619912,ASU
04G001619920DP,ASU
04G001619930DP,ASU
04G001619941DP,ASU
04G001619A01,ASU
04G001619A02,ASU
04G001619A02PM,ASU
04G001619A03,ASU
04G001619A04,ASU
04G001619A05,ASU
04G001619A20,ASU
04G001619A21,ASU
04G001619A21PM,ASU
04G001619A22,ASU
04G001619A30,ASU
04G001619A31,ASU
04G001619A40,ASU
04G001619A41,ASU
04G001619A50,ASU
04G001619A70,ASU
04G001619A80,ASU
12002-00082400,ASU
13NB05Y1T51011,ASU
90NB0871-R80010,ASU
90NB0871-R80020,ASU
90NB08U0-R80040,ASU
90NB08U0-R80050,ASU
90NB08V0-R80020,ASU
90NB08V0-R80030,ASU
A2500H-MR01,ASU
G1S-MR01,ASU
G1S-MR02,ASU
G50V-MR01,ASU
00GK4,DEL
061WY,DEL
093VH,DEL
09WKP,DEL
0G6T2,DEL
0JH14,DEL
0K952,DEL
0K963,DEL
0T9RC,DEL
0X23C,DEL
116V2,DEL
11X7D,DEL
1474G,DEL
18P2N,DEL
1N7HK,DEL
1V30P,DEL
1WT39,DEL
1WWCR,DEL
1XY77,DEL
1Y255,DEL
21NHW,DEL
25RV3,DEL
2C0KN,DEL
2CK3D,DEL
2GH6F,DEL
2HF92,DEL
2J55C,DEL
2K1KW,DEL
2MKP4,DEL
2WYX3,DEL
2YH1K,DEL
300KG,DEL
3024V,DEL
30WGV,DEL
32WYH,DEL
33M2V,DEL
36FTX,DEL
3D9HM,DEL
3FX6M,DEL
3GRW4,DEL
3R5G7,DEL
3W79M,DEL
3X41T,DEL
3XWJ8,DEL
3Y180,DEL
3Y182,DEL
47J5J,DEL
4K122,DEL
4PXGC,DEL
4W053,DEL
4W424,DEL
4WYKP,DEL
4XT6J,DEL
4YGTK,DEL
4YRP4,DEL
51RV8,DEL
52X0P,DEL
531R8,DEL
560NY,DEL
5C68R,DEL
5FD11,DEL
5H5PW,DEL
5HYYJ,DEL
5K6W3,DEL
5U981,DEL
60KD4,DEL
61H6H,DEL
659F8,DEL
66GKY,DEL
69M9V,DEL
6CY34,DEL
6DXDG,DEL
6G648,DEL
6G649,DEL
6HN1R,DEL
6KWTV,DEL
6V50C,DEL
6VDX7,DEL
6WMDN,DEL
6YV57,DEL
710KM,DEL
739XR,DEL
75C2V,DEL
77.10637.110,DEL
77DN1,DEL
78.92046.561,DEL
7C75G,DEL
7H18C,DEL
7H8J8,DEL
7M68T,DEL
7N020,DEL
7NNYD,DEL
7TYMV,DEL
821PJ,DEL
86G10,DEL
8C7JC,DEL
8H68R,DEL
8MWF4,DEL
8TPWF,DEL
8W049,DEL
8XHDX,DEL
8Y12P,DEL
96FYX,DEL
9CXF2,DEL
9D0YH,DEL
9G35F,DEL
9J5WF,DEL
9JXK3,DEL
9U529,DEL
9V62Y,DEL
9W02G,DEL
9XY4G,DEL
9Y5D6,DEL
A0215246,DEL
A0360949,DEL
A0461941,DEL
A0740419,DEL
A0743743,DEL
A1166165,DEL
A1279367,DEL
A2251711,DEL
AW000097,DEL
C1KCN,DEL
C4X05,DEL
C59WN,DEL
C6332,DEL
C6842,DEL
C6844,DEL
C741M,DEL
C97R3,DEL
CC04T,DEL
CCYYJ,DEL
CD39H,DEL
CDT82,DEL
CG790,DEL
CM633,DEL
CM766,DEL
CMY0F,DEL
CND02,DEL
CP5NF,DEL
CRXJ6,DEL
CV122,DEL
CX3DP,DEL
CX613,DEL
D1003,DEL
D6064,DEL
D6467,DEL
D6492,DEL
D8226,DEL
D8389,DEL
D8390,DEL
D841D,DEL
DG209,DEL
DG29K,DEL
DG405,DEL
"DIMM,4GB,1600,1RX8,4G,DDR3L,SME",DEL
"DIMM,4GB,3200,1RX16,8G,DDR4,NS",DEL
"DIMM,8GB,2400,1RX8,8G,DDR4,NUPRO",DEL
"DIMM,8GB,3200,1RX8,8G,DDR4,NS",DEL
DM0KY,DEL
DNKMJ,DEL
DP143,DEL
DTT5N,DEL
DW1P4,DEL
DWM24,DEL
F073F,DEL
F4H35,DEL
F4W2Y,DEL
F618N,DEL
F626D,DEL
F6761,DEL
F679F,DEL
F6802,DEL
F6806,DEL
F680F,DEL
FDFM2,DEL
FDMRM,DEL
FDN6D,DEL
FKYN2,DEL
FN6XK,DEL
FWDM1,DEL
FYHV1,DEL
G105G,DEL
G210M,DEL
G230N,DEL
G353N,DEL
G481D,DEL
G484D,DEL
G760G,DEL
G761G,DEL
G8197,DEL
G89G2,DEL
G8NT0,DEL
GDN7X,DEL
GGRRT,DEL
GJDKY,DEL
GKMX8,DEL
GM099,DEL
GR115,DEL
GR82X,DEL
GRFJC,DEL
GT494,DEL
GTWW1,DEL
GY3XH,DEL
GY767,DEL
H132M,DEL
H14WP,DEL
H14YP,DEL
H275C,DEL
H299F,DEL
H337G,DEL
H338G,DEL
H339D,DEL
H386T,DEL
H3N4M,DEL
H4028,DEL
H4287,DEL
H5155,DEL
H57Y9,DEL
H5DDH,DEL
H8226,DEL
H8227,DEL
H92GF,DEL
H92NK,DEL
H959F,DEL
H993F,DEL
HKYF9,DEL
HMNTG,DEL
HN963,DEL
HN971,DEL
HT212,DEL
HU006,DEL
HW5M5,DEL
HWNDG,DEL
HXHNG,DEL
HXXM1,DEL
HY8F3,DEL
HYXPX,DEL
J019G,DEL
J020G,DEL
J160C,DEL
J166G,DEL
J597T,DEL
J69DF,DEL
J6YDF,DEL
J97GC,DEL
JF1YD,DEL
JGGC1,DEL
JJP6W,DEL
JP210,DEL
JR980,DEL
JTF95,DEL
JU509,DEL
JV263,DEL
JYCYY,DEL
K075P,DEL
K19F6,DEL
K1THM,DEL
K2M26,DEL
K374T,DEL
K4124,DEL
K5314,DEL
K537G,DEL
K5R0G,DEL
K67DJ,DEL
KD654,DEL
KN2NM,DEL
KN991,DEL
KPVTX,DEL
KR8MT,DEL
KRVFX,DEL
KT32J,DEL
KTH1G,DEL
KU350,DEL
KU354,DEL
KX960,DEL
M015F,DEL
M0VW4,DEL
M128G,DEL
M129G,DEL
M18XD,DEL
M2H48,DEL
M470T6554CZ3-CE6,DEL
M494N,DEL
M4YC8,DEL
M66GV,DEL
M9VDN,DEL
M9VK3,DEL
MFWN8,DEL
MGY5T,DEL
MKYF9,DEL
MPKNH,DEL
MT18HTF12872DY40EA1,DEL
MT5V6,DEL
MVPT4,DEL
N0966,DEL
N262N,DEL
N2M64,DEL
N6DDG,DEL
N852H,DEL
N85YJ,DEL
ND063,DEL
ND2MV,DEL
NN734,DEL
NN876,DEL
NRV3H,DEL
NV0PG,DEL
NWMX1,DEL
NXDH5,DEL
NY190,DEL
P223C,DEL
P382H,DEL
P4T2F,DEL
P84RC,DEL
P859852-1060211,DEL
P8782-RB,DEL
P884D,DEL
P9RN2,DEL
PHR4H,DEL
PK4TR,DEL
PK533,DEL
PKCG9,DEL
PMP7H,DEL
PN419,DEL
PN424,DEL
PP102,DEL
PT2C5,DEL
PT4JW,DEL
PTJTT,DEL
PX062,DEL
PX72C,DEL
PXWG2,DEL
R3382,DEL
R47C6,DEL
RFFVH,DEL
RJ370,DEL
RKR5J,DEL
RMXH4,DEL
RP226,DEL
RY5Y0,DEL
SNPD6599C/1G,DEL
T2F8K,DEL
T3569,DEL
T6KGP,DEL
T791D,DEL
T8695,DEL
TD3KX,DEL
TJ1DY,DEL
TJ266,DEL
TP9W1,DEL
TW149,DEL
TX3GV,DEL
TX758,DEL
TX760,DEL
TXJ7J,DEL
TXPXF,DEL
U142D,DEL
U143D,DEL
U8622,DEL
UR202,DEL
UR211,DEL
UT491,DEL
UY457,DEL
V0M5R,DEL
V19M7,DEL
V1RX3,DEL
V1XC8,DEL
V4XGP,DEL
V51K2,DEL
V89WF,DEL
VHC6T,DEL
VJ2Y0,DEL
VNRG5,DEL
VR648,DEL
VT8FP,DEL
VT8HM,DEL
W089D,DEL
W090D,DEL
W21KG,DEL
W579C,DEL
W83TC,DEL
W840D,DEL
WF5TP,DEL
WG435,DEL
WG440,DEL
WG7GM,DEL
WGKKV,DEL
WK007,DEL
WM548,DEL
WM551,DEL
WM552,DEL
WP466,DEL
WPRH5,DEL
WTHG4,DEL
WVRDR,DEL
WVVJ3,DEL
X078D,DEL
X079D,DEL
X1F1C,DEL
X3R5M,DEL
X5FKM,DEL
X830D,DEL
X8388,DEL
XG2VK,DEL
XG691,DEL
XG700,DEL
XJHT2,DEL
XP150,DEL
XP151,DEL
XP4XH,DEL
XRDH9,DEL
XW6VT,DEL
Y10KJ,DEL
Y52C4,DEL
Y54D0,DEL
Y5GP7,DEL
Y64TP,DEL
Y7N41,DEL
Y7W7C,DEL
Y898N,DEL
Y8R2G,DEL
Y9525,DEL
Y9530,DEL
Y9535,DEL
Y9540,DEL
Y995D,DEL
Y996D,DEL
YG405,DEL
YG410,DEL
YNMHG,DEL
YR6MN,DEL
YXC0V,DEL
16G/PC4-17000S,GPC
16G/PC4-17000U,GPC
16G/PC4-19200S,GPC
16G/PC4-19200U,GPC
16G/PC4-21300S,GPC
16G/PC4-2133P,GPC
16G/PC4-24000U,GPC
16G/PC4-2400T,GPC
16G/PC4-25600S,GPC
16G/PC4-25600U,GPC
16G/PC4-27700U,GPC
16GB/PC4-3200AAS,GPC
1G/PC-2100,GPC
1G/PC2-3200S,GPC
1G/PC2-3200U,GPC
1G/PC2-4200S,GPC
1G/PC2-4200U,GPC
1G/PC2-5300S,GPC
1G/PC2-5300U,GPC
1G/PC2-6400S,GPC
1G/PC2-6400U,GPC
1G/PC-2700,GPC
1G/PC-2700S,GPC
1G/PC3-10600S,GPC
1G/PC3-10600U,GPC
1G/PC-3200,GPC
1G/PC-3200U,GPC
1G/PC3-8500S,GPC
1G/PC3-8500U,GPC
256MB/PC-2100,GPC
256MB/PC-2100S,GPC
256MB/PC-2100U,GPC
256MB/PC2-3200S,GPC
256MB/PC2-3200U,GPC
256MB/PC2-4200S,GPC
256MB/PC2-4200U,GPC
256MB/PC2-5300S,GPC
256MB/PC-2700S,GPC
256MB/PC-2700U,GPC
256MB/PC-3200,GPC
256MB/PC-3200/DDR1,GPC
256MB/PC-3200U,GPC
2G/PC2-5300S,GPC
2G/PC2-5300U,GPC
2G/PC2-6400S,GPC
2G/PC2-6400U,GPC
2G/PC3-10600S,GPC
2G/PC3-10600U,GPC
2G/PC3-12800S,GPC
2G/PC3-12800U,GPC
2G/PC3-8500S,GPC
2G/PC3-8500U,GPC
2G/PC3L-10600S,GPC
2G/PC3L-12800S,GPC
2G/PC3L-12800U,GPC
2G/PC4-17000S,GPC
2G/PC4-17000U,GPC
2G/PC4-19200S,GPC
2G/PC4-19200U,GPC
2G/PC4-2133P,GPC
2G/PC4-2400T,GPC
32G/PC4-21300S,GPC
32G/PC4-21300VS,GPC
32G/PC4-25600S,GPC
4G/PC2-6400S,GPC
4G/PC3-10600S,GPC
4G/PC3-10600U,GPC
4G/PC3-12800S,GPC
4G/PC3-12800U,GPC
4G/PC3-8500S,GPC
4G/PC3L-10600S,GPC
4G/PC3L-12800S,GPC
4G/PC3L-12800U,GPC
4G/PC3L-12900S,GPC
4G/PC3L-14900S,GPC
4G/PC4- 21300U,GPC
4G/PC4-17000S,GPC
4G/PC4-17000U,GPC
4G/PC4-19200S,GPC
4G/PC4-19200U,GPC
4G/PC4-21300S,GPC
4G/PC4-21333S,GPC
4G/PC4-21333U,GPC
4G/PC4-2133P,GPC
4G/PC4-2400T,GPC
4G/PC4-25600S,GPC
4GB/PC4-2666VS,GPC
4GB/PC4-2666VU,GPC
4GB/PC4-3200AAS,GPC
512MB/DDR266GPC,GPC
512MB/PC-2100,GPC
512MB/PC-2100U,GPC
512MB/PC2-3200S,GPC
512MB/PC2-3200U,GPC
512MB/PC2-4200S,GPC
512MB/PC2-4200U,GPC
512MB/PC2-4300U,GPC
512MB/PC2-5300S,GPC
512MB/PC2-5300U,GPC
512MB/PC2-6400U,GPC
512MB/PC-2700S,GPC
512MB/PC-2700U,GPC
512MB/PC-3200,GPC
512MB/PC-3200U,GPC
8G/PC3-10600S,GPC
8G/PC3-12800S,GPC
8G/PC3-12800U,GPC
8G/PC3-8500S,GPC
8G/PC3L-10600S,GPC
8G/PC3L-12800S,GPC
8G/PC3L-12800U,GPC
8G/PC3L-14900S,GPC
8G/PC4- 21300U,GPC
8G/PC4-17000S,GPC
8G/PC4-17000U,GPC
8G/PC4-19200S,GPC
8G/PC4-19200U,GPC
8G/PC4-21300S,GPC
8G/PC4-21333S,GPC
8G/PC4-21333U,GPC
8G/PC4-2133P,GPC
8G/PC4-2133U,GPC
8G/PC4-24000U,GPC
8G/PC4-2400T,GPC
8G/PC4-25600U,GPC
8G/PC4-28800U,GPC
8GB/PC4-2400TS,GPC
8GB/PC4-2400TU,GPC
8GB/PC4-2666V,GPC
8GB/PC4-2666VS,GPC
8GB/PC4-2666VU,GPC
8GB/PC4-3200AAS,GPC
8GB/PC4-3200AAU,GPC
DA193AR-MR01,GPC
DIMM133-128,GPC
DIMM133-256,GPC
KTT3614/256,GPC
KTT3614/512,GPC
KTT-SO100/128,GPC
M2S5108D-PS,GPC
MICRODIMM/512MB/PC2700,GPC
102134,GWY
102182,GWY
102254,GWY
102483,GWY
102554,GWY
102557,GWY
102558,GWY
102559,GWY
102592,GWY
102885,GWY
102892,GWY
103546,GWY
103596,GWY
103717,GWY
103858,GWY
104156,GWY
104159,GWY
104243,GWY
104244,GWY
104248,GWY
104249,GWY
104254,GWY
104321,GWY
104326,GWY
104568,GWY
104822,GWY
104823,GWY
104837,GWY
104900,GWY
104910,GWY
104957,GWY
105011,GWY
105012,GWY
105013,GWY
105014,GWY
105139,GWY
105140,GWY
105153,GWY
105154,GWY
105612,GWY
105810,GWY
105840,GWY
105854,GWY
105855,GWY
105917,GWY
106205,GWY
106231,GWY
106300,GWY
106526,GWY
106527,GWY
106572,GWY
106635,GWY
106721,GWY
106722,GWY
106723,GWY
106834,GWY
106855,GWY
2037227,GWY
2037229,GWY
2037230,GWY
2037680,GWY
2038435,GWY
2038734,GWY
2040262,GWY
2040264,GWY
2040281,GWY
2040283,GWY
2040461,GWY
2040462,GWY
2040463,GWY
2040464,GWY
2522764,GWY
2522765,GWY
2522766,GWY
2522812,GWY
2522824,GWY
2522826,GWY
2522827,GWY
2522828,GWY
2522903,GWY
2522904,GWY
2522905,GWY
2522981,GWY
2523244,GWY
2523253,GWY
2523297,GWY
2523298,GWY
2523395,GWY
3400021,GWY
3400022,GWY
3400023,GWY
3400123,GWY
3400124,GWY
3400575,GWY
3400595,GWY
3400596,GWY
3400597,GWY
3400598,GWY
3400662,GWY
3401778,GWY
3401781,GWY
3401849,GWY
5000239,GWY
5000376,GWY
5000529,GWY
5000532,GWY
5000580,GWY
5000581,GWY
5000582,GWY
5000583,GWY
5000584,GWY
5000616,GWY
5000633,GWY
5000639,GWY
5000642,GWY
5000646,GWY
5000663,GWY
5000664,GWY
5000665,GWY
5000667,GWY
5000674,GWY
5000675,GWY
5000691,GWY
5000692,GWY
5000693,GWY
5000694,GWY
5000702,GWY
5000727,GWY
5000728,GWY
5000729,GWY
5000731,GWY
5000732,GWY
5000734,GWY
5000735,GWY
5000796,GWY
5000797,GWY
5000801,GWY
5000905,GWY
5000913,GWY
5000914,GWY
5000915,GWY
5000954,GWY
5000981,GWY
5000983,GWY
5000984,GWY
5000989,GWY
5000990,GWY
5001045,GWY
5001158,GWY
5001159,GWY
5001160,GWY
5001163,GWY
5001164,GWY
5001165,GWY
5001166,GWY
5001167,GWY
5001168,GWY
5001169,GWY
5001170,GWY
5001171,GWY
5001173,GWY
5001174,GWY
5001175,GWY
5001176,GWY
5001177,GWY
5001179,GWY
5001180,GWY
5001181,GWY
5001183,GWY
5001189,GWY
5001190,GWY
5001191,GWY
5001193,GWY
5001211,GWY
5001215,GWY
5001216,GWY
5001217,GWY
5001231,GWY
5001232,GWY
5001233,GWY
5001234,GWY
5001237,GWY
5001238,GWY
5001239,GWY
5001256,GWY
5001265,GWY
5001270,GWY
5001273,GWY
5001276,GWY
5001277,GWY
5001278,GWY
5001279,GWY
5001280,GWY
5001281,GWY
5006139,GWY
6617567,GWY
6617569,GWY
6617589,GWY
6617592,GWY
6617593,GWY
6617604,GWY
2522824R,GWY
2522903R,GWY
2522904R,GWY
2523096R,GWY
2523161R,GWY
2523224R,GWY
2523232R,GWY
2523298R,GWY
2523309R,GWY
2523342R,GWY
2523367R,GWY
2523368R,GWY
2523383R,GWY
2523416R,GWY
2527649R,GWY
2527650R,GWY
2527652R,GWY
2527653R,GWY
2527664R,GWY
2527666R,GWY
2527711R,GWY
2527717R,GWY
2527752R,GWY
2527777R,GWY
2527833R,GWY
2527834R,GWY
2527907R,GWY
2528052R,GWY
2528157R,GWY
2528158R,GWY
2528182R,GWY
2528263R,GWY
2528336R,GWY
5000989R,GWY
5001167R,GWY
5001168R,GWY
5001170R,GWY
5001174R,GWY
5001180R,GWY
5001181R,GWY
5001183R,GWY
5001189R,GWY
5001190R,GWY
5001191R,GWY
5001193R,GWY
5001195R,GWY
5001196R,GWY
5001197R,GWY
5001233R,GWY
5001270R,GWY
5001277R,GWY
5001279R,GWY
5001280R,GWY
5006075R,GWY
5006076R,GWY
5006077R,GWY
5006107R,GWY
5006115R,GWY
5006116R,GWY
5006118R,GWY
5006119R,GWY
5006136R,GWY
5006154R,GWY
5006163R,GWY
5006164R,GWY
5006165R,GWY
5006175R,GWY
5006187R,GWY
5006188R,GWY
5006189R,GWY
5006190R,GWY
5006193R,GWY
5006195R,GWY
5006196R,GWY
5006197R,GWY
5006199R,GWY
5006200R,GWY
5006202R,GWY
5006203R,GWY
5006204R,GWY
5006205R,GWY
5006206R,GWY
5006207R,GWY
5006211R,GWY
5006212R,GWY
5006213R,GWY
5006214R,GWY
5006215R,GWY
5006216R,GWY
5006218R,GWY
5006219R,GWY
5006220R,GWY
5006221R,GWY
5006222R,GWY
5006226R,GWY
5006231R,GWY
5006236R,GWY
5006237R,GWY
6518GZ 512RAM,GWY
KN.1GB04.012,GWY
KN.1GB0B.024,GWY
KN.1GB0G.018,GWY
KN.2GB01.018,GWY
KN.2GB0B.001,GWY
KN.2GB0B.004,GWY
KN.2GB0G.001,GWY
M6816 MEM,GWY
MEM378T3253FG0-CCC,GWY
MX3560 RAM,GWY
QND1SMEPZZTAX4,GWY
QND1SMEQZZTA89,GWY
QND1SMEQZZTAP4,GWY
QND1SMERZZTAE8,GWY
TMEM368L3223ETM-CCC,GWY
122700-001,HEW
138651-001,HEW
166890-001,HEW
166966-001,HEW
166966-002,HEW
166966-004,HEW
166971-001,HEW
170081-001,HEW
170081-002,HEW
170081-006,HEW
172939-001,HEW
174334-001,HEW
175923-001,HEW
175924-001,HEW
175925-001,HEW
179190-001,HEW
179190-002,HEW
1818-4983,HEW
1818-5623,HEW
1818-6172,HEW
1818-6430,HEW
1818-6730,HEW
1818-6731,HEW
1818-7434,HEW
1818-7495,HEW
1818-7950,HEW
1818-8504,HEW
1818-8505,HEW
1818-8534,HEW
1818-8635,HEW
212681-001,HEW
212682-001,HEW
212683-001,HEW
213859-001,HEW
214049-001,HEW
236512-001,HEW
236513-001,HEW
236656-001,HEW
237121-001,HEW
237122-001,HEW
237122-002,HEW
237122-004,HEW
238879-001,HEW
239189-001,HEW
239190-001,HEW
239886-001,HEW
239886-002,HEW
243115-001,HEW
243117-001,HEW
243117-002,HEW
244399-001,HEW
251577-001,HEW
253861-001,HEW
253915-001,HEW
253941-001,HEW
253942-001,HEW
257526-004,HEW
269085-B25,HEW
269086-B25,HEW
269087-B25,HEW
271174-001,HEW
271462-001,HEW
278017-001,HEW
278066-001,HEW
278067-001,HEW
280873-001,HEW
280874-001,HEW
280875-001,HEW
282433-B21,HEW
282434-B21,HEW
282435-B21,HEW
282436-B21,HEW
285522-001,HEW
285523-001,HEW
285524-001,HEW
285648-001,HEW
285649-001,HEW
285650-001,HEW
287747-001,HEW
288438-001,HEW
292535-001,HEW
301569-001,HEW
301570-001,HEW
314024-002,HEW
314793-001,HEW
314794-001,HEW
314795-001,HEW
314796-001,HEW
317434-001,HEW
317434-001N,HEW
317435-001,HEW
317435-001N,HEW
317436-001,HEW
319326-001,HEW
319327-001,HEW
320669-001,HEW
320670-001,HEW
324700-001,HEW
327168-001,HEW
327265-001,HEW
335697-001,HEW
335698-001,HEW
335699-001,HEW
335700-001,HEW
336996-001,HEW
336997-001,HEW
336998-001,HEW
339099-001,HEW
341717-001,HEW
344669-001,HEW
344866-001,HEW
344867-001,HEW
344868-001,HEW
345113-051,HEW
345113-551,HEW
345113-851,HEW
345113-951,HEW
348343-001,HEW
348344-001,HEW
348345-001,HEW
348346-001,HEW
350236-001,HEW
350236-001N,HEW
350237-001,HEW
350237-001N,HEW
350238-001,HEW
350238-001N,HEW
355924-001,HEW
355925-001,HEW
355926-001,HEW
355927-001,HEW
355949-888,HEW
360691-001,HEW
365554-001,HEW
367773-001,HEW
367774-001,HEW
367775-001,HEW
370556-001,HEW
370809-001,HEW
371773-001,HEW
371774-001,HEW
371775-001,HEW
373056-001,HEW
373119-001,HEW
373120-001,HEW
373121-001,HEW
374724-001,HEW
374725-001,HEW
374726-001,HEW
377726-888,HEW
381394-001,HEW
381395-001,HEW
383480-001,HEW
383481-001,HEW
383482-001,HEW
383535-001,HEW
383536-001,HEW
383537-001,HEW
383538-001,HEW
383541-001,HEW
383542-001,HEW
383948-001,HEW
383949-001,HEW
383950-001,HEW
385821-001,HEW
385822-001,HEW
387073-001,HEW
392280-001,HEW
392281-001,HEW
392282-001,HEW
392293-001,HEW
392294-001,HEW
392295-001,HEW
393392-001,HEW
393393-001,HEW
393394-001,HEW
393571-001,HEW
393572-001,HEW
393573-001,HEW
394264-001,HEW
394265-001,HEW
394350-001,HEW
394351-001,HEW
394352-001,HEW
396519-001,HEW
396520-001,HEW
397415-B21,HEW
398038-001,HEW
398709-071,HEW
403573-001,HEW
403799-001,HEW
403800-001,HEW
403896-001,HEW
403897-001,HEW
403898-001,HEW
405424-001,HEW
406726-001,HEW
406727-001,HEW
406728-001,HEW
407316-001,HEW
407765-001,HEW
407766-001,HEW
407767-001,HEW
407843-001,HEW
409058-001,HEW
409059-001,HEW
409060-001,HEW
409960-001,HEW
409961-001,HEW
409962-001,HEW
409963-001,HEW
409964-001,HEW
409965-001,HEW
409966-001,HEW
409967-001,HEW
410939-001,HEW
411902-001,HEW
411903-001,HEW
411904-001,HEW
411919-001,HEW
411927-001,HEW
411928-001,HEW
411929-001,HEW
411930-001,HEW
412358-001,HEW
412359-001,HEW
412768-001,HEW
412769-001,HEW
412770-001,HEW
412771-001,HEW
414040-001,HEW
414041-001,HEW
414042-001,HEW
414044-001,HEW
414045-001,HEW
414045-001N,HEW
414046-001,HEW
414046-001N,HEW
416204-001,HEW
416952-001,HEW
416953-001,HEW
416954-001,HEW
416955-001,HEW
416972-001,HEW
416973-001,HEW
416974-001,HEW
416975-001,HEW
416976-001,HEW
416977-001,HEW
417050-001,HEW
417051-001,HEW
417052-001,HEW
417053-001,HEW
417054-001,HEW
417055-001,HEW
417505-001,HEW
417506-001,HEW
417506-001N,HEW
418503-001,HEW
418504-001,HEW
418505-001,HEW
418850-001,HEW
418851-001,HEW
418852-001,HEW
418853-001,HEW
418854-001,HEW
418855-001,HEW
418856-001,HEW
418857-001,HEW
418951-001,HEW
418951-001N,HEW
418952-001,HEW
418952-001N,HEW
418953-001,HEW
419006-001,HEW
419007-001,HEW
419144-001,HEW
419145-001,HEW
419146-001,HEW
419147-001,HEW
419148-001,HEW
419149-001,HEW
419150-001,HEW
419151-001,HEW
419771-001,HEW
430181-001,HEW
431401-001,HEW
431402-001,HEW
431403-001,HEW
432107-001,HEW
432108-001,HEW
432968-001,HEW
432969-001,HEW
432970-001,HEW
434740-001,HEW
434741-001,HEW
434742-001,HEW
435770-001,HEW
435771-001,HEW
435772-001,HEW
438544-001,HEW
438545-001,HEW
438546-001,HEW
441405-001,HEW
441405-002,HEW
441406-001,HEW
441406-002,HEW
442879-001,HEW
443489-001,HEW
445716-885,HEW
446429-001,HEW
446430-001,HEW
446431-001,HEW
446494-001,HEW
446495-001,HEW
447517-001,HEW
447518-001,HEW
448003-001,HEW
448150-001,HEW
448150-002,HEW
448151-001,HEW
448151-002,HEW
450367-001,HEW
450575-001,HEW
450576-001,HEW
450577-001,HEW
451155-001,HEW
451400-001,HEW
451738-001,HEW
451739-001,HEW
451740-001,HEW
452061-001,HEW
452062-001,HEW
452312-001,HEW
453414-001,HEW
453415-001,HEW
453507-001,HEW
453508-001,HEW
453774-001,HEW
454672-001,HEW
454673-001,HEW
454674-001,HEW
454921-001,HEW
454922-001,HEW
455454-001,HEW
455454-002,HEW
455739-001,HEW
455971-001,HEW
457437-001,HEW
457624-001,HEW
457624-001N,HEW
459340-001,HEW
459341-001,HEW
460277-001,HEW
461948-001,HEW
461949-001,HEW
462330-001,HEW
462851-001,HEW
463663-009,HEW
464459-001,HEW
464460-001,HEW
465383-001,HEW
480380-001,HEW
480381-001,HEW
480382-001,HEW
480383-001,HEW
480859-001,HEW
480860-001,HEW
480861-001,HEW
482167-001,HEW
482167-002,HEW
482168-001,HEW
482168-002,HEW
482169-001,HEW
482169-002,HEW
482169-004,HEW
483193-001,HEW
483194-001,HEW
483195-001,HEW
483233-001,HEW
483601-001,HEW
484266-001,HEW
484266-201,HEW
484267-001,HEW
484267-002,HEW
484267-201,HEW
484268-001,HEW
484268-002,HEW
484268-201,HEW
484380-001,HEW
484381-001,HEW
484381-001N,HEW
484382-001,HEW
484382-001N,HEW
485028-001,HEW
485028-003,HEW
485029-001,HEW
485029-002,HEW
485029-003,HEW
485029-004,HEW
485030-001,HEW
485030-002,HEW
485030-003,HEW
485030-004,HEW
485031-001,HEW
485031-003,HEW
485031-005,HEW
485032-001,HEW
485032-002,HEW
485032-003,HEW
485032-004,HEW
485032-005,HEW
485033-001,HEW
485033-002,HEW
485033-003,HEW
485033-004,HEW
485033-005,HEW
491476-001,HEW
491477-001,HEW
491478-001,HEW
491479-001,HEW
491483-001,HEW
491484-001,HEW
491591-001,HEW
491592-001,HEW
491594-001,HEW
491595-001,HEW
492570-001,HEW
492571-001,HEW
492572-001,HEW
494008-001,HEW
495052-001,HEW
495053-001,HEW
495054-001,HEW
495175-001,HEW
495176-001,HEW
496110-001,HEW
496111-001,HEW
497156-C01,HEW
497156-D01,HEW
497156-D88,HEW
497157-D01,HEW
497157-D88,HEW
497158-B88,HEW
497158-C01,HEW
497158-D88,HEW
497692-001,HEW
497693-001,HEW
497735-001,HEW
498473-001,HEW
498474-001,HEW
498475-001,HEW
500363-001,HEW
501487-001,HEW
501488-001,HEW
501489-001,HEW
504599-001,HEW
504600-001,HEW
505915-001,HEW
506060-001,HEW
506061-001,HEW
506062-001,HEW
506591-001,HEW
506932-001,HEW
506933-001,HEW
506934-001,HEW
509409-002,HEW
509410-002,HEW
509411-002,HEW
510400-001,HEW
510401-001,HEW
510402-001,HEW
511754-001,HEW
511755-001,HEW
511870-001,HEW
511871-001,HEW
513766-001,HEW
516335-001,HEW
516336-001,HEW
516337-001,HEW
517577-001,HEW
517588-001,HEW
5188-1016,HEW
5188-1017,HEW
5188-6047,HEW
5188-6049,HEW
5189-2180,HEW
5189-2821,HEW
5189-2822,HEW
530790-001,HEW
535810-001,HEW
535810-001N,HEW
536427-001,HEW
536428-001,HEW
536428-001N,HEW
536723-351,HEW
536723-952,HEW
536723-R42,HEW
536726-652,HEW
536726-953,HEW
536887-001,HEW
536888-001,HEW
536889-001,HEW
537663-001,HEW
537664-001,HEW
537665-001,HEW
537755-001,HEW
538401-001,HEW
538432-001,HEW
538434-001,HEW
538435-001,HEW
538436-001,HEW
538436-001N,HEW
572292-C01,HEW
572292-D01,HEW
572292-D88,HEW
572293-C01,HEW
572293-D01,HEW
572293-D88,HEW
572294-C01,HEW
572294-D88,HEW
573721-006,HEW
573722-006,HEW
575479-001,HEW
575480-001,HEW
576109-001,HEW
576110-001,HEW
576816-001,HEW
577779-001,HEW
577970-001,HEW
578176-001,HEW
578176-001N,HEW
578177-001N,HEW
578178-001,HEW
578178-001N,HEW
579155-001,HEW
579156-001,HEW
579318-001,HEW
579668-001,HEW
580674-001,HEW
581095-001,HEW
581096-001,HEW
581097-001,HEW
582085-001,HEW
582086-001,HEW
584379-001,HEW
585157-001,HEW
593232-001,HEW
593233-001,HEW
593234-001,HEW
593895-001,HEW
593896-001,HEW
597486-001,HEW
598833-001,HEW
598855-001,HEW
598856-001,HEW
598856-002,HEW
598858-001,HEW
598859-001,HEW
598859-002,HEW
598861-001,HEW
599092-001,HEW
599092-002,HEW
599326-001,HEW
599661-001,HEW
615862-001,HEW
615863-001,HEW
615864-001,HEW
615865-001,HEW
616749-001,HEW
616750-001,HEW
619545-001,HEW
619546-001,HEW
621559-001,HEW
621563-001,HEW
621564-001,HEW
621565-001,HEW
621566-001,HEW
621567-001,HEW
621568-001,HEW
621569-001,HEW
629025-001,HEW
629026-001,HEW
634091-001,HEW
635802-001,HEW
635803-001,HEW
637233-352,HEW
639736-001,HEW
639738-001,HEW
641369-001,HEW
641369-002,HEW
641369-005,HEW
646800-001,HEW
646801-001,HEW
647390-952,HEW
647448-001,HEW
651608-001,HEW
651609-001,HEW
652972-001,HEW
652972-002,HEW
652972-005,HEW
655409-150,HEW
655409-D3N,HEW
655410-150,HEW
656289-150,HEW
656290-150,HEW
656291-150,HEW
660004-001,HEW
669116-001,HEW
670034-001,HEW
670034-005,HEW
671612-001,HEW
671613-001,HEW
676695-150,HEW
677034-001,HEW
682412-001,HEW
682413-001,HEW
683863-001,HEW
687515-161,HEW
687515-352,HEW
687515-362,HEW
687515-364,HEW
687515-661,HEW
687515-662,HEW
687515-663,HEW
687515-964,HEW
687515-966,HEW
688600-001,HEW
688601-001,HEW
689372-001,HEW
689373-001,HEW
689374-001,HEW
689375-001,HEW
691160-362,HEW
691160-363,HEW
691160-963,HEW
691160-965,HEW
691739-001,HEW
691739-005,HEW
691740-001,HEW
691740-005,HEW
693374-001,HEW
693374-005,HEW
696878-001,HEW
698649-154,HEW
698650-154,HEW
698650-D3N,HEW
698651-154,HEW
698655-154,HEW
698656-154,HEW
698656-D0B,HEW
698656-D2B,HEW
698657-154,HEW
707248-001,HEW
707249-001,HEW
731550-001,HEW
745885-001,HEW
745886-001,HEW
747221-005,HEW
797345-581,HEW
798033-001,HEW
798034-001,HEW
798036-001,HEW
798037-001,HEW
820447-857,HEW
820447-858,HEW
820448-857,HEW
820448-858,HEW
820569-001,HEW
820569-002,HEW
820569-005,HEW
820570-001,HEW
820570-002,HEW
820570-005,HEW
820571-001,HEW
820571-002,HEW
834931-001,HEW
834932-001,HEW
834933-001,HEW
834940-001,HEW
834941-001,HEW
834942-001,HEW
835500-001,HEW
835886-001,HEW
835886-002,HEW
835887-001,HEW
835887-002,HEW
840821-001,HEW
843380-001,HEW
848208-800,HEW
848209-800,HEW
848210-800,HEW
848215-104,HEW
848215-800,HEW
848216-104,HEW
848216-800,HEW
848216-801,HEW
851227-857,HEW
851379-001,HEW
851379-005,HEW
854975-800,HEW
854976-800,HEW
854977-800,HEW
854978-800,HEW
855843-972,HEW
855845-371,HEW
860398-800,HEW
860399-800,HEW
860549-800,HEW
862397-850,HEW
862397-852,HEW
862397-855,HEW
862397-856,HEW
862397-857,HEW
862397-858,HEW
862397-859,HEW
862398-850,HEW
862398-852,HEW
862398-855,HEW
862398-856,HEW
862398-857,HEW
862398-858,HEW
863483-800,HEW
863484-800,HEW
863518-001,HEW
864271-850,HEW
864271-855,HEW
865396-850,HEW
865396-852,HEW
865396-855,HEW
900316-591,HEW
901153-104,HEW
901153-800,HEW
910335-001,HEW
913160-001,HEW
913161-001,HEW
913798-001,HEW
913799-001,HEW
913800-001,HEW
913801-001,HEW
913802-001,HEW
917350-001,HEW
920218-001,HEW
920219-001,HEW
920220-001,HEW
922093-001,HEW
922094-001,HEW
932493-850,HEW
932495-850,HEW
932496-850,HEW
932817-971,HEW
934253-800,HEW
934254-800,HEW
934255-800,HEW
937236-850,HEW
937236-852,HEW
937236-855,HEW
937356-800,HEW
937357-800,HEW
937438-850,HEW
937438-852,HEW
937438-855,HEW
A2Z47AA,HEW
A2Z47AT,HEW
A2Z48AA,HEW
A2Z48AT,HEW
AT912AA,HEW
AT913AA,HEW
B1S52AA,HEW
D3849-80201,HEW
D4543-63001,HEW
D5280-69003,HEW
D6382-69001,HEW
D6501-63001,HEW
D6502-63001,HEW
D6503-63001,HEW
D6503-69001,HEW
D7303-63001,HEW
D7304-63001,HEW
D7304-69001,HEW
D7435-69002,HEW
D9935-69001,HEW
D9935AX,HEW
DA202-69001,HEW
DA206-69001,HEW
DB220AX,HEW
DB221AX,HEW
DB222-69001,HEW
DB222AX,HEW
DB223-69001,HEW
DB223AX,HEW
DB224-69001,HEW
DB224AX,HEW
DB287A RAM,HEW
DC163A,HEW
DC164A,HEW
DC165A,HEW
DC166A,HEW
DC190B,HEW
DC338A,HEW
DC339A,HEW
DC340A,HEW
DC341A,HEW
DC467AX,HEW
DC468AX,HEW
DD234-69001,HEW
DE465A,HEW
DE466A,HEW
DE467A,HEW
DE468A,HEW
DK233-69001,HEW
DL702AA,HEW
EC303UAMEM,HEW
ED906AA RAM,HEW
EE686A,HEW
EE687A,HEW
EK396-69001,HEW
EK476-69001,HEW
EK477-69001,HEW
EK478-69001,HEW
EL406-69001,HEW
EL460-69002,HEW
EM993AA,HEW
EM994AA,HEW
EM995AA,HEW
EP381UA 512RAM,HEW
F1622C,HEW
F1660-69103,HEW
F2298-69001,HEW
F2298A,HEW
F3495A,HEW
F3496A,HEW
F4694A,HEW
F4695A,HEW
F4696A,HEW
FA135A,HEW
FA136A,HEW
FA184A,HEW
FA283A,HEW
FA847AA,HEW
FQ098AV,HEW
FZ531AV,HEW
GL256-69001,HEW
HP01-02RAM01,HEW
HP01-04RAM01,HEW
HP01-05RAM01,HEW
KC923-69001,HEW
KC926-69001,HEW
KN274-69001,HEW
KQ436-69006,HEW
KX744-69001,HEW
KX753-69001,HEW
L00028-850,HEW
L02854-371,HEW
L04967-800,HEW
L06334-371,HEW
L06334-372,HEW
L06334-682,HEW
L06334-971,HEW
L06334-B71,HEW
L10598-850,HEW
L10598-852,HEW
L10598-855,HEW
L19838-001,HEW
L24981-001,HEW
L24981-005,HEW
L24983-001,HEW
L24983-002,HEW
L24983-005,HEW
L25264-001,HEW
L26006-001,HEW
L34198-371,HEW
L34198-671,HEW
L34198-971,HEW
L34198-H71,HEW
L34199-682,HEW
L40876-800,HEW
L40877-800,HEW
L42297-001,HEW
L42299-001,HEW
L46192-001,HEW
L46598-001,HEW
L46598-002,HEW
L67710-001,HEW
L67710-005,HEW
L76708-006,HEW
L76710-006,HEW
L83673-001,HEW
L83673-002,HEW
L83673-005,HEW
L84078-001,HEW
L89715-001,HEW
L89717-001,HEW
L89719-001,HEW
L89721-001,HEW
L89729-001,HEW
L89908-001,HEW
L89910-001,HEW
L93627-800,HEW
L98131-002,HEW
L98133-002,HEW
M22291-001,HEW
M22292-001,HEW
M27304-001,HEW
M47046-001,HEW
M47047-001,HEW
M47048-001,HEW
NP194-69001,HEW
NX342AV,HEW
P2398-69001,HEW
P2973-69001,HEW
P3983-69001,HEW
P3983AX,HEW
P3985-69001,HEW
P3985AX,HEW
P6451AX,HEW
P7495AX,HEW
P8670-69001,HEW
P8670-69002,HEW
P8670-69003,HEW
P8670-69004,HEW
P9903AX,HEW
P9904AX,HEW
P9905AX,HEW
P9907AX,HEW
PA526A,HEW
PC109-69002,HEW
PE830A,HEW
PE831A,HEW
PE832A,HEW
PU016-69001,HEW
PU016-69001MOD,HEW
PU109-69001,HEW
PU111-69001,HEW
RC664AA RAM,HEW
RK572AA RAM,HEW
RN635-69005,HEW
RP245UA RAM,HEW
VK748AV,HEW
VR659AV,HEW
VR686AV,HEW
XJ622AV,HEW
BB714 RAM,IBY
BB726 RAM,IBY
BB765 RAM,IBY
BB770 RAM,IBY
BB773 RAM,IBY
BB901 RAM,IBY
BB902 RAM,IBY
BB903 RAM,IBY
BB904 RAM,IBY
BB905 RAM,IBY
BB920 RAM,IBY
BB921 RAM,IBY
BB922 RAM,IBY
BB930 RAM,IBY
BB931 RAM,IBY
1004538,LEN
1004854,LEN
1004856,LEN
1005008,LEN
1005050,LEN
1005621,LEN
1005622,LEN
1005623,LEN
1005637,LEN
1005645,LEN
1005648,LEN
1005659,LEN
1005662,LEN
1005663,LEN
1005666,LEN
1005678,LEN
1005682,LEN
1005694,LEN
1005875,LEN
1005876,LEN
1005907,LEN
1005908,LEN
1005955,LEN
1005961,LEN
1005990,LEN
1006028,LEN
1006030,LEN
1006031,LEN
1006033,LEN
1006057,LEN
1006058,LEN
1006088,LEN
1006113,LEN
1006137,LEN
1006138,LEN
1006140,LEN
1006142,LEN
1006143,LEN
1006159,LEN
1006181,LEN
1006279,LEN
1006288,LEN
1006305,LEN
1006306,LEN
1006310,LEN
1006312,LEN
1006314,LEN
1006315,LEN
1006321,LEN
1006322,LEN
1006323,LEN
1006328,LEN
1006329,LEN
1006342,LEN
1006347,LEN
1006349,LEN
1006350,LEN
1006423,LEN
1006448,LEN
1006449,LEN
1006450,LEN
1006451,LEN
1006536,LEN
1006572,LEN
1006574,LEN
1006652,LEN
1006663,LEN
1006665,LEN
1006672,LEN
1006673,LEN
1006674,LEN
1006675,LEN
1006703,LEN
1006705,LEN
1006727,LEN
1006742,LEN
1006743,LEN
1006744,LEN
1006745,LEN
1006759,LEN
1006785,LEN
1006837,LEN
1006853,LEN
1006854,LEN
1006919,LEN
1006920,LEN
1006925,LEN
1006926,LEN
1006931,LEN
1006932,LEN
1006968,LEN
1006970,LEN
1006977,LEN
1006982,LEN
1006983,LEN
1006984,LEN
1007003,LEN
1007004,LEN
1007005,LEN
1007007,LEN
1007009,LEN
1007045,LEN
1007078,LEN
1007138,LEN
1007140,LEN
1007141,LEN
1007142,LEN
1007143,LEN
1007150,LEN
1007156,LEN
1007157,LEN
1007158,LEN
1007159,LEN
1007163,LEN
1007183,LEN
1007184,LEN
1007187,LEN
1007226,LEN
1007266,LEN
1007268,LEN
1007282,LEN
1007286,LEN
1007306,LEN
1007307,LEN
1007309,LEN
1007331,LEN
1007356,LEN
1007379,LEN
1007400,LEN
1007407,LEN
1007408,LEN
1007418,LEN
1007478,LEN
1007494,LEN
1007495,LEN
1007496,LEN
1007497,LEN
1100007,LEN
1100020,LEN
1100021,LEN
1100025,LEN
1100034,LEN
1100035,LEN
1100043,LEN
1100044,LEN
1100070,LEN
1100091,LEN
1100096,LEN
1100097,LEN
1100098,LEN
1100172,LEN
1100187,LEN
1100188,LEN
1100189,LEN
1100200,LEN
1100201,LEN
1100203,LEN
1100204,LEN
1100209,LEN
1100210,LEN
1100213,LEN
1100214,LEN
1100215,LEN
1100216,LEN
1100217,LEN
1100218,LEN
1100219,LEN
1100221,LEN
1100226,LEN
1100227,LEN
1100228,LEN
1100230,LEN
1100231,LEN
1100232,LEN
1100304,LEN
1100324,LEN
1100325,LEN
1100425,LEN
1100426,LEN
1100437,LEN
1100466,LEN
1100468,LEN
1100576,LEN
1100611,LEN
1100633,LEN
1100634,LEN
1100635,LEN
1100637,LEN
1100638,LEN
1100640,LEN
1100642,LEN
1100643,LEN
1100647,LEN
1100648,LEN
1100649,LEN
1100651,LEN
1100652,LEN
1100653,LEN
1100669,LEN
1100670,LEN
1100681,LEN
1100682,LEN
1100750,LEN
1100779,LEN
1100807,LEN
1100897,LEN
1100903,LEN
1100906,LEN
1100907,LEN
1100908,LEN
1100909,LEN
1100910,LEN
1100918,LEN
1100920,LEN
1100942,LEN
1100943,LEN
1100944,LEN
1100945,LEN
1100946,LEN
1100951,LEN
1100955,LEN
1100957,LEN
1100959,LEN
1100965,LEN
1100966,LEN
1100967,LEN
1100983,LEN
1100985,LEN
1100986,LEN
1100988,LEN
1100989,LEN
1101011,LEN
1101012,LEN
1101018,LEN
1101019,LEN
1101032,LEN
1101041,LEN
1101042,LEN
1101055,LEN
1101071,LEN
1200503,LEN
11007877,LEN
11008918,LEN
11008982,LEN
11009487,LEN
11009636,LEN
11009695,LEN
11009698,LEN
11009796,LEN
11009900,LEN
11009915,LEN
11009916,LEN
11009923,LEN
11009928,LEN
11009929,LEN
11009931,LEN
11009932,LEN
11009977,LEN
11009978,LEN
11010009,LEN
11010080,LEN
11010107,LEN
11010108,LEN
11010116,LEN
11010117,LEN
11010209,LEN
11010251,LEN
11010253,LEN
11010287,LEN
11010459,LEN
11010461,LEN
11010498,LEN
11010581,LEN
11010593,LEN
11010739,LEN
11010740,LEN
11010903,LEN
11010904,LEN
11010905,LEN
11010921,LEN
11010922,LEN
11010923,LEN
11010924,LEN
11010925,LEN
11010926,LEN
11010927,LEN
11010928,LEN
11011013,LEN
11011014,LEN
11011059,LEN
11011092,LEN
11011198,LEN
11011215,LEN
11011240,LEN
11011241,LEN
11011243,LEN
11011281,LEN
11011486,LEN
11011487,LEN
11011488,LEN
11011489,LEN
11011490,LEN
11011493,LEN
11011494,LEN
11011496,LEN
11011497,LEN
11011513,LEN
11011515,LEN
11011519,LEN
11011521,LEN
11011522,LEN
11011523,LEN
11011524,LEN
11011550,LEN
11011551,LEN
11011554,LEN
11011555,LEN
11011575,LEN
11011596,LEN
11011597,LEN
11011733,LEN
11011758,LEN
11011934,LEN
11011935,LEN
11011936,LEN
11011937,LEN
11011970,LEN
11011971,LEN
11012057,LEN
11012059,LEN
11012157,LEN
11012158,LEN
11012160,LEN
11012161,LEN
11012194,LEN
11012197,LEN
11012198,LEN
11012199,LEN
11012213,LEN
11012217,LEN
11012226,LEN
11012320,LEN
11012321,LEN
11012421,LEN
11012422,LEN
11012424,LEN
11012427,LEN
11012428,LEN
11012608,LEN
11012630,LEN
11012633,LEN
11012634,LEN
11012761,LEN
11012767,LEN
11012807,LEN
11012808,LEN
11012809,LEN
11012810,LEN
11012901,LEN
11012902,LEN
11012945,LEN
11012974,LEN
11012975,LEN
11013083,LEN
11013084,LEN
11013143,LEN
11013171,LEN
11013172,LEN
11013364,LEN
11013400,LEN
11200048,LEN
11200049,LEN
11200058,LEN
11200060,LEN
11200061,LEN
11200226,LEN
11200227,LEN
11200228,LEN
11200229,LEN
11200250,LEN
11200251,LEN
11200340,LEN
11200341,LEN
11200342,LEN
11200343,LEN
11200344,LEN
11200345,LEN
11200346,LEN
11200347,LEN
11200392,LEN
11200393,LEN
11200394,LEN
11200395,LEN
11200396,LEN
11200397,LEN
11200398,LEN
11200502,LEN
11200503,LEN
11200504,LEN
11200507,LEN
11200637,LEN
11200638,LEN
11200639,LEN
11200640,LEN
11201041,LEN
11201042,LEN
11201281,LEN
11201282,LEN
11201299,LEN
11201300,LEN
11201301,LEN
11201304,LEN
11201342,LEN
11201512,LEN
11201514,LEN
11201636,LEN
11201834,LEN
11201835,LEN
11201836,LEN
11201926,LEN
11201927,LEN
11201966,LEN
11201967,LEN
11202079,LEN
11202080,LEN
11202081,LEN
11202082,LEN
11202125,LEN
11202301,LEN
11202302,LEN
11202324,LEN
11202325,LEN
11202450,LEN
11202451,LEN
11202545,LEN
11202706,LEN
11202707,LEN
11202790,LEN
110122134,LEN
00D4968,LEN
00D4970,LEN
00D5048,LEN
00FC804,LEN
00P5767,LEN
00UP455,LEN
01AG700,LEN
01AG701,LEN
01AG702,LEN
01AG703,LEN
01AG704,LEN
01AG705,LEN
01AG707,LEN
01AG708,LEN
01AG709,LEN
01AG710,LEN
01AG711,LEN
01AG712,LEN
01AG713,LEN
01AG714,LEN
01AG715,LEN
01AG720,LEN
01AG800,LEN
01AG801,LEN
01AG802,LEN
01AG803,LEN
01AG804,LEN
01AG805,LEN
01AG806,LEN
01AG812,LEN
01AG813,LEN
01AG818,LEN
01AG819,LEN
01AG821,LEN
01AG824,LEN
01AG825,LEN
01AG827,LEN
01AG830,LEN
01AG833,LEN
01AG834,LEN
01AG835,LEN
01AG836,LEN
01AG837,LEN
01AG838,LEN
01AG840,LEN
01AG843,LEN
01AG844,LEN
01AG846,LEN
01AG855,LEN
01AG856,LEN
01AG857,LEN
01AG858,LEN
01AG861,LEN
01AG863,LEN
01AG864,LEN
01AG871,LEN
01AG872,LEN
01AG875,LEN
01AG881,LEN
01FR300,LEN
01FR301,LEN
01FR302,LEN
01FR304,LEN
01FR306,LEN
01FR307,LEN
01FR309,LEN
01FR311,LEN
01FR312,LEN
01FR313,LEN
01FR319,LEN
01HW756,LEN
01L5611,LEN
02JG437,LEN
03T6457,LEN
03T6458,LEN
03T6566,LEN
03T6567,LEN
03T6580,LEN
03T6676,LEN
03T7116,LEN
03T7117,LEN
03T7118,LEN
03T7218,LEN
03T7219,LEN
03T7220,LEN
03T7413,LEN
03T7414,LEN
03T7415,LEN
03T7465,LEN
03T7466,LEN
03T7467,LEN
03T7802,LEN
03T8399,LEN
03X6560,LEN
03X6561,LEN
03X6562,LEN
03X6655,LEN
03X6656,LEN
03X6657,LEN
03X7015,LEN
03X7048,LEN
03X7049,LEN
03X7050,LEN
03X7051,LEN
03X7052,LEN
10K0029,LEN
10K0031,LEN
10K0033,LEN
10K0035,LEN
10L1227,LEN
19K4651,LEN
19K4653,LEN
19K4655,LEN
19K4657,LEN
20L0264,LEN
20L0265,LEN
22P9274,LEN
30R5120,LEN
30R5121,LEN
30R5122,LEN
30R5123,LEN
30R5124,LEN
30R5125,LEN
30R5126,LEN
30R5127,LEN
31P9829,LEN
31P9831,LEN
31P9833,LEN
31P9835,LEN
33L3070,LEN
33R4963,LEN
38L5093,LEN
39H6229,LEN
39M5807,LEN
40Y8401,LEN
40Y8402,LEN
40Y8403,LEN
40Y8404,LEN
41X1078,LEN
41X1079,LEN
41X1080,LEN
41X1081,LEN
41X4255,LEN
41X4256,LEN
41X4257,LEN
42H2767,LEN
42H2768,LEN
42H2769,LEN
42H2817,LEN
42H2821,LEN
42T0907,LEN
42T0991,LEN
42T0995,LEN
43C3814,LEN
43C3815,LEN
43C6489,LEN
43N8353,LEN
43N8354,LEN
43R1775,LEN
43R1969,LEN
43R1989,LEN
43Y6523,LEN
43Y6525,LEN
44C6192,LEN
44C7956,LEN
46C0570,LEN
46H5768,LEN
46R3323,LEN
46W0672,LEN
46W0798,LEN
46W0800,LEN
47J0183,LEN
47J0226,LEN
47J0237,LEN
49Y1379,LEN
49Y1418,LEN
49Y1567,LEN
51J0494,LEN
55Y3712,LEN
55Y3713,LEN
55Y3714,LEN
55Y3715,LEN
55Y3716,LEN
55Y3717,LEN
5E10H00206,LEN
5H50S73139,LEN
5M30G04992,LEN
5M30G18424,LEN
5M30G18425,LEN
5M30G75129,LEN
5M30G79998,LEN
5M30G99881,LEN
5M30G99882,LEN
5M30G99884,LEN
5M30H35724,LEN
5M30H35726,LEN
5M30H35727,LEN
5M30H35732,LEN
5M30J33428,LEN
5M30K59778,LEN
5M30K59779,LEN
5M30K59780,LEN
5M30K59786,LEN
5M30K59787,LEN
5M30K59788,LEN
5M30K87726,LEN
5M30V06795,LEN
5M30V06801,LEN
5M30V06802,LEN
5M30V06803,LEN
5M30V06804,LEN
5M30V06808,LEN
5M30V06809,LEN
5M30V06817,LEN
5M30V06840,LEN
5M30V06912,LEN
5M30V06924,LEN
5M30V06941,LEN
5M30V06945,LEN
5M30V06967,LEN
5M30V06969,LEN
5M30V06970,LEN
5M30V06972,LEN
5M30V06973,LEN
5M30V06979,LEN
5M30Z71646,LEN
5M30Z71649,LEN
5M30Z71651,LEN
60Y4359,LEN
64Y6648,LEN
64Y6649,LEN
73P2683,LEN
73P2684,LEN
73P3841,LEN
73P3843,LEN
73P3845,LEN
73P3847,LEN
77P8784,LEN
83H7126,LEN
90Y3111,LEN
93H4702,LEN
HMA851U6CJR6N-UH,LEN
KTM-760ELD/16,LEN
M378A1K43EB2-CWE,LEN
SM30F22102,LEN
SM30F22103,LEN
SM30F31418,LEN
SM30F31419,LEN
SM30H30498,LEN
SM30H30499,LEN
SM30N76619,LEN
SM30N76646,LEN
SM30N76750,LEN
S7C-D68C802-S02,MSS
S7C-D68G001-LAX,MSS
S7C-D69C801-S02,MSS
S7C-S56A504-K37,MSS
S7C-S58A204-H23,MSS
S7C-S58A505-K37,MSS
S7C-S66B203-H23,MSS
S7C-S66C802-S02,MSS
S7C-S66D501-K37,MSS
S7C-S68B204-H23,MSS
S7C-S68B801-S02,MSS
S7C-S68B804-S02,MSS
S7C-S68C201-H23,MSS
S7C-S68C501-K37,MSS
S7C-S68C803-S02,MSS
S7C-S68D201-H23,MSS
S7C-S68D501-K37,MSS
S7C-S68D502-K37,MSS
S7C-S68D504-K37,MSS
S7C-S68D802-S02,MSS
S7C-S68D803-S02,MSS
S7C-S68H202-H23,MSS
S7C-S68H503-K37,MSS
S7C-S68H801-S02,MSS
S7C-S68H802-S02,MSS
S7C-S68H803-S02,MSS
S7C-S69B201-H23,MSS
S7C-S69B202-H23,MSS
S7C-S69B801-S02,MSS
S7C-S69C201-H23,MSS
S7C-S69C501-K37,MSS
S7C-S69C802-S02,MSS
S7C-S69D201-H23,MSS
S7C-S69D501-K37,MSS
S7C-S69D503-K37,MSS
S7C-S69D801-S02,MSS
S7C-S69D802-S02,MSS
S7C-S69H201-H23,MSS
S7C-S69H801-S02,MSS
S7C-S69H802-S02,MSS
S7C-S6AH801-S02,MSS
12223951-00,RZR
12227020-00,RZR
RC05-02240100-0000,RZR
RC05-02240200-0000,RZR
RC05-03160100-0000,RZR
RC05-03160200-0000,RZR
RC05-03731300-0000,RZR
0904-002559,SAC
0904-002612,SAC
0904-002705,SAC
0904-002818,SAC
1105-001684,SAC
1105-001790,SAC
1105-001870,SAC
1105-001886,SAC
1105-001900,SAC
1105-001921,SAC
1105-001923,SAC
1105-001947,SAC
1105-001963,SAC
1105-001967,SAC
1105-001968,SAC
1105-001984,SAC
1105-001988,SAC
1105-001989,SAC
1105-002007,SAC
1105-002019,SAC
1105-002055,SAC
1105-002056,SAC
1105-002090,SAC
1105-002091,SAC
1105-002092,SAC
1105-002099,SAC
1105-002110,SAC
1105-002111,SAC
1105-002114,SAC
1105-002115,SAC
1105-002116,SAC
1105-002121,SAC
1105-002122,SAC
1105-002146,SAC
1105-002147,SAC
1105-002162,SAC
1105-002167,SAC
1105-002172,SAC
1105-002174,SAC
1105-002181,SAC
1105-002183,SAC
1105-002186,SAC
1105-002187,SAC
1105-002203,SAC
1105-002209,SAC
1105-002211,SAC
1105-002213,SAC
1105-002217,SAC
1105-002221,SAC
1105-002224,SAC
1105-002226,SAC
1105-002233,SAC
1105-002256,SAC
1105-002259,SAC
1105-002260,SAC
1105-002294,SAC
1105-002305,SAC
1105-002327,SAC
1105-002328,SAC
1105-002331,SAC
1105-002345,SAC
1105-002349,SAC
1105-002358,SAC
1105-002363,SAC
1105-002364,SAC
1105-002368,SAC
1105-002376,SAC
1105-002377,SAC
1105-002387,SAC
1105-002391,SAC
1105-002392,SAC
1105-002423,SAC
1105-002451,SAC
1105-002499,SAC
1105-002501,SAC
1105-002563,SAC
1105-002570,SAC
1105-002753,SAC
1105-002754,SAC
1105-002766,SAC
1105-002848,SAC
1105-002849,SAC
1105-003025,SAC
BA92-09719A,SAC
BA98-00662A,SAC
GH94-08448A,SAC
4-443-128-01,SYC
6-600-004-01,SYC
6-600-040-01,SYC
6-600-041-01,SYC
6-600-050-01,SYC
6-600-056-01,SYC
6-600-065-01,SYC
6-600-080-01,SYC
6-600-081-01,SYC
6-600-083-01,SYC
6-600-084-01,SYC
6-600-093-01,SYC
6-600-097-01,SYC
6-600-114-01,SYC
6-600-116-01,SYC
6-600-118-01,SYC
6-600-123-01,SYC
6-600-124-01,SYC
6-600-127-01,SYC
6-600-152-01,SYC
6-600-153-01,SYC
6-600-155-01,SYC
6-600-158-01,SYC
6-600-167-01,SYC
6-600-175-01,SYC
6-600-191-01,SYC
6-600-192-01,SYC
6-600-196-01,SYC
6-600-201-01,SYC
6-600-202-01,SYC
6-600-231-01,SYC
6-600-243-01,SYC
6-600-244-01,SYC
6-600-249-01,SYC
6-600-258-01,SYC
6-600-259-01,SYC
6-600-372-01,SYC
6-600-375-01,SYC
6-600-376-01,SYC
6-600-387-01,SYC
6-600-388-01,SYC
6-600-403-01,SYC
6-600-406-01,SYC
6-600-427-01,SYC
6-600-453-01,SYC
6-600-454-01,SYC
6-600-458-01,SYC
6-600-484-01,SYC
6-700-666-01,SYC
6-700-679-01,SYC
6-701-830-01,SYC
6-702-343-01,SYC
6-703-555-01,SYC
6-703-891-01,SYC
6-704-094-01,SYC
6-705-094-01,SYC
6-705-096-01,SYC
6-705-097-01,SYC
6-705-343-01,SYC
6-705-847-01,SYC
6-706-064-01,SYC
6-706-073-01,SYC
6-706-244-01,SYC
6-706-313-01,SYC
6-706-337-01,SYC
6-707-029-01,SYC
6-707-051-01,SYC
6-707-350-01,SYC
6-707-351-01,SYC
6-707-352-01,SYC
6-707-504-01,SYC
6-707-648-01,SYC
6-707-651-01,SYC
6-708-087-01,SYC
6-708-104-01,SYC
6-708-154-01,SYC
6-708-155-01,SYC
6-708-613-01,SYC
6-708-614-01,SYC
6-708-615-01,SYC
6-708-616-01,SYC
6-708-617-01,SYC
6-708-619-01,SYC
6-708-686-01,SYC
6-708-689-01,SYC
6-708-690-01,SYC
6-708-860-01,SYC
6-709-225-01,SYC
6-709-226-01,SYC
6-709-226-03,SYC
6-709-227-01,SYC
6-709-228-01,SYC
6-709-274-01,SYC
6-709-275-01,SYC
6-709-292-01,SYC
6-709-561-01,SYC
6-709-590-01,SYC
6-710-122-01,SYC
6-710-139-01,SYC
6-710-140-01,SYC
6-710-667-01,SYC
6-710-670-01,SYC
6-710-671-01,SYC
6-710-673-01,SYC
6-710-674-01,SYC
6-710-675-01,SYC
6-710-677-01,SYC
6-710-678-01,SYC
6-710-679-01,SYC
6-710-680-01,SYC
6-710-701-01,SYC
6-710-790-01,SYC
6-711-068-01,SYC
6-711-091-01,SYC
6-711-100-01,SYC
6-711-103-01,SYC
6-711-108-01,SYC
6-711-109-01,SYC
6-711-271-01,SYC
6-711-545-01,SYC
6-711-613-01,SYC
6-711-846-01,SYC
6-711-866-01,SYC
6-712-977-01,SYC
6-712-978-01,SYC
6-713-556-01,SYC
6-713-557-01,SYC
6-713-673-01,SYC
6-713-674-01,SYC
6-714-048-01,SYC
6-714-329-01,SYC
6-714-339-01,SYC
6-714-340-01,SYC
6-714-450-01,SYC
6-714-614-01,SYC
6-714-850-01,SYC
6-716-416-01,SYC
6-717-412-11,SYC
6-7187-250-1,SYC
6-718-726-01,SYC
6-720-470-01,SYC
6-7204-720-1,SYC
6-720-473-01,SYC
6-720-475-01,SYC
6-720-476-01,SYC
6-720-477-01,SYC
6-720-490-01,SYC
6-720-734-01,SYC
6-720-735-01,SYC
8-749-018-97,SYC
8-749-019-00,SYC
8-749-019-40,SYC
8-749-019-83,SYC
8-749-019-88,SYC
8-759-569-06,SYC
8-759-569-12,SYC
8-759-638-65,SYC
8-759-665-57,SYC
8-759-665-74,SYC
8-759-668-57,SYC
8-759-695-59,SYC
8-759-695-60,SYC
A-1072-478-A,SYC
A-1072-479-A,SYC
A-1072-503-A,SYC
A-1527-340-A,SYC
A-1527-341-A,SYC
A-1527-343-A,SYC
A-1527-349-A,SYC
A-1527-351-A,SYC
A-1527-353-A,SYC
A-1528-761-A,SYC
A-1528-762-A,SYC
A-1539-026-A,SYC
A-1550-860-A,SYC
A-1552-782-A,SYC
A-1554-577-A,SYC
A-1558-336-A,SYC
A-1558-337-A,SYC
A-1558-339-A,SYC
A-1562-079-A,SYC
A-1562-082-A,SYC
A-1562-397-A,SYC
A-1562-398-A,SYC
A-1562-400-A,SYC
A-1562-401-A,SYC
A-1562-402-A,SYC
A-1562-403-A,SYC
A-1567-051-A,SYC
A-1567-054-A,SYC
A-1602-919-A,SYC
A-1609-438-A,SYC
A-1609-691-A,SYC
A-1609-692-A,SYC
A-1609-693-A,SYC
A-1617-802-A,SYC
A1617811A,SYC
A-1703-475-A,SYC
A-1703-478-A,SYC
A-1704-549-A,SYC
A-1704-991-A,SYC
A-1707-457-A,SYC
A-1707-458-A,SYC
A-1711-018-A,SYC
A-1727-742-A,SYC
A-1731-171-A,SYC
A-1731-786-A,SYC
A-1736-342-A,SYC
A-1743-615-A,SYC
A-1752-011-A,SYC
A-1755-108-A,SYC
A-1755-109-A,SYC
A-1755-110-A,SYC
A-1755-111-A,SYC
A-1755-112-A,SYC
A-1755-113-A,SYC
A-1755-114-A,SYC
A-1768-554-A,SYC
A-1768-555-A,SYC
A-1768-556-A,SYC
A-1768-654-A,SYC
A-1769-407-A,SYC
A-1771-407-A,SYC
A-1772-676-A,SYC
A-1772-678-A,SYC
A-1772-679-A,SYC
A-1775-525-A,SYC
A-1776-432-A,SYC
A-1780-483-A,SYC
A-1787-454-A,SYC
A-1787-455-A,SYC
A-1787-456-A,SYC
A-1787-457-B,SYC
A-1787-578-A,SYC
A-1788-524-A,SYC
A-1788-525-A,SYC
A-1790-735-A,SYC
A-1792-109-A,SYC
A-1792-110-A,SYC
A-1793-617-A,SYC
A-1798-257-A,SYC
A-1798-258-A,SYC
A-1798-771-A,SYC
A-1798-773-A,SYC
A-1798-774-A,SYC
A-1798-775-A,SYC
A-1798-779-A,SYC
A-1799-173-A,SYC
A-1799-174-A,SYC
A-1800-091-A,SYC
A-1800-092-A,SYC
A-1805-362-A,SYC
A-1810-137-A,SYC
A-1811-347-A,SYC
A-1816-620-A,SYC
A-1817-129-B,SYC
A-1822-180-A,SYC
A-1825-326-A,SYC
A-1825-327-A,SYC
A-1825-328-A,SYC
A-1827-258-B,SYC
A-1827-259-B,SYC
A-1827-260-B,SYC
A-1827-267-A,SYC
A-1827-268-A,SYC
A-1833-323-A,SYC
A-1833-324-A,SYC
A-1833-325-A,SYC
A-1833-326-A,SYC
A-1833-327-A,SYC
A-1833-328-A,SYC
A-1833-329-A,SYC
A-1833-330-A,SYC
A-1835-568-A,SYC
A-1835-569-A,SYC
A-1835-570-A,SYC
A-1835-571-A,SYC
A-1835-572-A,SYC
A-1835-573-A,SYC
A-1835-657-A,SYC
A-1835-658-A,SYC
A-1840-559-A,SYC
A-1847-929-A,SYC
A-1847-930-A,SYC
A-1847-931-A,SYC
A-1848-547-A,SYC
A-1851-311-A,SYC
A-1851-312-A,SYC
A-1851-313-A,SYC
A-1851-314-A,SYC
A-1851-315-A,SYC
A-1870-150-A,SYC
A-1870-151-A,SYC
A-1870-152-A,SYC
A-1886-097-A,SYC
A-1886-098-A,SYC
A-1886-100-A,SYC
A-1886-102-A,SYC
A-1886-103-A,SYC
A-1886-338-A,SYC
A-1886-339-A,SYC
A-1886-340-A,SYC
A-1886-341-A,SYC
A-1886-342-A,SYC
A-1886-343-A,SYC
A-1886-653-A,SYC
A-1886-654-A,SYC
A-1886-655-A,SYC
A-1886-661-A,SYC
A-1886-662-A,SYC
A-1886-663-A,SYC
A-1887-215-A,SYC
A-1887-216-A,SYC
A-1887-217-A,SYC
A-1887-218-A,SYC
A-1887-219-A,SYC
A-1887-222-A,SYC
A-1887-277-A,SYC
A-1888-699-A,SYC
A-1890-102-A,SYC
A-1890-103-A,SYC
A-1890-104-A,SYC
A-1904-876-A,SYC
A-1904-877-A,SYC
A-1911-094-A,SYC
A-1911-106-A,SYC
A-1911-107-A,SYC
A-1911-109-A,SYC
A-1911-110-A,SYC
A-1918-571-A,SYC
A-1919-727-A,SYC
A-1919-728-A,SYC
A-1920-250-A,SYC
A-1920-255-A,SYC
A-1937-151-A,SYC
A-1937-152-A,SYC
A-1944-055-A,SYC
A-1944-056-A,SYC
A-1958-706-A,SYC
A-1968-664-A,SYC
A-2038-031-A,SYC
A-8067-157-A,SYC
A-8067-932-A,SYC
A-8068-348-A,SYC
A000000730,TSC
A000000740,TSC
A000000750,TSC
A000002200,TSC
A000002210,TSC
A000004280,TSC
A000004290,TSC
A000004300,TSC
A000004310,TSC
A000004320,TSC
A000004330,TSC
A000004340,TSC
A000005290,TSC
A000005300,TSC
A000005310,TSC
A000006160,TSC
A000006190,TSC
A000006200,TSC
A000006210,TSC
A000006220,TSC
A000006690,TSC
A000006700,TSC
A000006850,TSC
A000011630,TSC
A000011640,TSC
A000012620,TSC
A000012630,TSC
A000012650,TSC
A000012700,TSC
A000012910,TSC
A000013010,TSC
A000013020,TSC
A000014300,TSC
A000016350,TSC
A000018450,TSC
A000018460,TSC
A000023810,TSC
A000023820,TSC
A000024030,TSC
A000024470,TSC
A000024500,TSC
A000024740,TSC
A000025950,TSC
A000030660,TSC
A000030670,TSC
A000030680,TSC
A000034840,TSC
A000035990,TSC
A000036000,TSC
A000036010,TSC
A000036020,TSC
A000036030,TSC
A000036040,TSC
A000036050,TSC
A000036070,TSC
A000036080,TSC
A000036100,TSC
A000036120,TSC
A000036130,TSC
A000036570,TSC
A000048430,TSC
A000048440,TSC
A000048450,TSC
A000048460,TSC
A000051510,TSC
A000051520,TSC
A000051580,TSC
A000051600,TSC
A000051610,TSC
A000051620,TSC
A000052080,TSC
A000054170,TSC
H000000440,TSC
H000000450,TSC
H000000460,TSC
H000000470,TSC
H000005880,TSC
H000005890,TSC
H000009200,TSC
H000009220,TSC
H000009240,TSC
H000009250,TSC
H000011930,TSC
H000016430,TSC
H000019950,TSC
H000020230,TSC
H000020280,TSC
H000020950,TSC
K000000420,TSC
K000004030,TSC
K000006240,TSC
K000006250,TSC
K000006270,TSC
K000006280,TSC
K000008770,TSC
K000008800,TSC
K000009900,TSC
K000009930,TSC
K000016210,TSC
K000016220,TSC
K000018000,TSC
K000018010,TSC
K000018970,TSC
K000018980,TSC
K000022010,TSC
K000026320,TSC
K000026780,TSC
K000028190,TSC
K000028200,TSC
K000029160,TSC
K000032210,TSC
K000036810,TSC
K000036820,TSC
K000036830,TSC
K000036850,TSC
K000040750,TSC
K000044610,TSC
K000044620,TSC
K000044650,TSC
K000044660,TSC
K000046580,TSC
K000046590,TSC
K000046600,TSC
K000048050,TSC
K000048060,TSC
K000048070,TSC
K000052610,TSC
K000052620,TSC
K000052630,TSC
K000055330,TSC
K000055340,TSC
K000055350,TSC
K000060380,TSC
K000060390,TSC
K000061850,TSC
K000063150,TSC
K000065750,TSC
K000065760,TSC
K000067620,TSC
K000067630,TSC
K000067640,TSC
K000067650,TSC
K000067660,TSC
K000067670,TSC
K000069670,TSC
K000069680,TSC
K000069690,TSC
K000069700,TSC
K000072710,TSC
K000072720,TSC
K000072730,TSC
K000072740,TSC
K000082240,TSC
K000085810,TSC
K000085820,TSC
K000085830,TSC
K000085840,TSC
K000085850,TSC
K000085860,TSC
K000087460,TSC
K000087470,TSC
K000087480,TSC
K000087490,TSC
K000092290,TSC
K000093190,TSC
K000094170,TSC
K000094180,TSC
K000105310,TSC
K000816630,TSC
K000825970,TSC
K000830330,TSC
K000831920,TSC
KTT3311/128,TSC
KTT3311/1G,TSC
KTT3311/256,TSC
KTT3311/512,TSC
KTT3311A/1G,TSC
KTT3311A/256,TSC
KTT3311A/512,TSC
KTT3614/128,TSC
KTT3614/1G,TSC
KTT533D2/1G,TSC
KTT533D2/256,TSC
KTT533D2/512,TSC
KTT667D2/1G,TSC
KTT667D2/512,TSC
KTT8614/128,TSC
KTT8614/256,TSC
KTT8614/512,TSC
KTT-SO100/32,TSC
KTT-SO100/64,TSC
KTT-SO133/128,TSC
KTT-SO133/256,TSC
KTT-SO133/512,TSC
KTT-SO815/256,TSC
P000312060,TSC
P000317270,TSC
P000328480,TSC
P000329090,TSC
P000334500,TSC
P000335630,TSC
P000351990,TSC
P000352630,TSC
P000381890,TSC
P000383020,TSC
P000385440,TSC
P000385810,TSC
P000423850,TSC
P000423860,TSC
P000423870,TSC
P000432850,TSC
P000433630,TSC
P000433640,TSC
P000433650,TSC
P000452600,TSC
P000455000,TSC
P000455860,TSC
P000458750,TSC
P000458900,TSC
P000459580,TSC
P000460550,TSC
P000463730,TSC
P000469600,TSC
P000469610,TSC
P000469620,TSC
P000469630,TSC
P000469640,TSC
P000469650,TSC
P000470260,TSC
P000470810,TSC
P000482680,TSC
P000485440,TSC
P000491270,TSC
P000503090,TSC
P000503540,TSC
P000505600,TSC
P000506250,TSC
P000511530,TSC
P000522310,TSC
P000523030,TSC
P000523040,TSC
P000523150,TSC
P000525730,TSC
P000525740,TSC
P000525750,TSC
P000525760,TSC
P000525770,TSC
P000525780,TSC
P000525790,TSC
P000525800,TSC
P000525880,TSC
P000527410,TSC
P000527760,TSC
P000527780,TSC
P000527920,TSC
P000528910,TSC
P000528920,TSC
P000531290,TSC
P000531300,TSC
P000531310,TSC
P000531320,TSC
P000531330,TSC
P000536220,TSC
P000536230,TSC
P000537070,TSC
P000537150,TSC
P000537170,TSC
P000537180,TSC
P000537190,TSC
P000537940,TSC
P000538350,TSC
P000539060,TSC
P000539070,TSC
P000539080,TSC
P000539090,TSC
P000539110,TSC
P000540020,TSC
P000540970,TSC
P000540980,TSC
P000540990,TSC
P000541000,TSC
P000542290,TSC
P000542320,TSC
P000542330,TSC
P000543130,TSC
P000543560,TSC
P000543570,TSC
P000544250,TSC
P000548280,TSC
P000548290,TSC
P000548300,TSC
P000548340,TSC
P000549270,TSC
P000554860,TSC
P000554870,TSC
P000554880,TSC
P000554890,TSC
P000554910,TSC
P000555020,TSC
P000555090,TSC
P000555100,TSC
P000555530,TSC
P000555540,TSC
P000557010,TSC
P000557020,TSC
P000557030,TSC
P000557040,TSC
P000557200,TSC
P000557310,TSC
P000557410,TSC
P000557420,TSC
P000559290,TSC
P000559300,TSC
P000560900,TSC
P000560910,TSC
P000569530,TSC
P000569590,TSC
P000569610,TSC
P000569620,TSC
P000569630,TSC
P000569650,TSC
P000569660,TSC
P000569670,TSC
P000569680,TSC
P000569690,TSC
P000569700,TSC
P000569710,TSC
P000569930,TSC
P000570410,TSC
P000570620,TSC
P000573760,TSC
P000574810,TSC
P000576740,TSC
P000577350,TSC
P000577360,TSC
P000577430,TSC
P000577440,TSC
P000577450,TSC
P000583330,TSC
P000583340,TSC
P000583350,TSC
P000589110,TSC
P000591100,TSC
P000600320,TSC
P000600500,TSC
P000600960,TSC
P000600970,TSC
P000600980,TSC
P000613300,TSC
P000613310,TSC
P000624700,TSC
P000640300,TSC
P000645900,TSC
P000645910,TSC
P000754510,TSC
PA3389U-2M25,TSC
PA3411U-2M1G,TSC
PA3412U-2M51,TSC
PA3499U-1M25,TSC
PA3511U-1M51,TSC
PA3512U-1M1G,TSC
PA3513U-1M2G,TSC
V000020700,TSC
V000021000,TSC
V000021030,TSC
V000030310,TSC
V000030320,TSC
V000050640,TSC
V000050650,TSC
V000050660,TSC
V000050670,TSC
V000050680,TSC
V000054020,TSC
V000055290,TSC
V000055300,TSC
V000055420,TSC
V000055550,TSC
V000060950,TSC
V000060960,TSC
V000060970,TSC
V000060980,TSC
V000061760,TSC
V000061770,TSC
V000061780,TSC
V000061790,TSC
V000062560,TSC
V000062580,TSC
V000062590,TSC
V000062920,TSC
V000062940,TSC
V000063110,TSC
V000063200,TSC
V000063210,TSC
V000070610,TSC
V000080040,TSC
V000080050,TSC
V000080060,TSC
V000080070,TSC
V000080080,TSC
V000080090,TSC
V000080100,TSC
V000080440,TSC
V000080450,TSC
V000080460,TSC
V000080470,TSC
V000080490,TSC
V000090920,TSC
V000100370,TSC
V000100380,TSC
V000100420,TSC
V000100430,TSC
V000100440,TSC
V000100450,TSC
V000100460,TSC
V000101970,TSC
V000101980,TSC
V000102980,TSC
V000102990,TSC
V000110800,TSC
V000120850,TSC
V000120860,TSC
V000120870,TSC
V000122190,TSC
V000122200,TSC
V000122210,TSC
V000122220,TSC
V000122500,TSC
V000123050,TSC
V000123150,TSC
V000140380,TSC
V000160320,TSC
V000160330,TSC
V000170410,TSC
V000170420,TSC
V000170430,TSC
V000170440,TSC
V000170450,TSC
V000170460,TSC
V000170470,TSC
V000170480,TSC
V000170490,TSC
V000171340,TSC
V000171470,TSC
V000171500,TSC
V000181210,TSC
V000181220,TSC
V000181230,TSC
V000181240,TSC
V000181710,TSC
V000181820,TSC
V000181850,TSC
V000181860,TSC
V000190930,TSC
V000191020,TSC
V000191170,TSC
V000191200,TSC
